t,u,glucose_mgdl,insulin_mU_L,glucagon_pM,GammaHGP,GammaPGU,GammaHGU,Secr,GammaPCR,MIPGU,MIHGPinf,MCHGP,MIHGUinf
-30.0,0.0,89.08117744953643,13.10483870967742,11.48,0.8611095785864007,0.1930554845416145,0.11110892574554117,31.907165999520554,10.446799131444001,0.9928590470346963,0.9999992540156787,0.9999993377001946,0.999999783498902
-28.0,0.0,89.0834632529294,13.104838381559784,11.480009640189492,0.861110838317345,0.19306983361974994,0.11110828480706546,31.927278201340677,10.4468228876256,0.992859009916355,0.9998829082869913,1.0000001037876762,1.000052220412947
-26.0,0.0,89.08645777283675,13.10757024122419,11.479882738127605,0.8610573168270609,0.19308236889690994,0.11111012647897738,31.96066080016127,10.445001449488181,0.9928639692011991,0.9987329962047995,0.9999901334984209,1.0005704961416784
-24.0,0.0,89.08928105480487,13.11239781844721,11.479412840550687,0.8609220427266345,0.19309686482452806,0.11111430699045244,31.959438050969695,10.442809533057563,0.9928881934693834,0.9980657714533158,0.9999534542083344,1.0008712300958063
-22.0,0.0,89.0916828835351,13.11562512480402,11.478731850905591,0.8607604823867321,0.1931128258300344,0.11111731192116679,31.947393394063063,10.441601486063549,0.9929274270049477,0.99796868875717,0.9999008125208874,1.0009149881723522
-20.0,0.0,89.09361459982703,13.116615926690995,11.478041399495872,0.8606152676595417,0.19312783793928806,0.11111814209025354,31.935490565814135,10.441370955336675,0.9929685744393577,0.9981683006825186,0.999848229755948,1.0008250172740236
-18.0,0.0,89.09513476816484,13.116132269699229,11.477469171986954,0.8605038374040348,0.19314018325872293,0.11111741308473595,31.92783537459466,10.441689930570695,0.9930021565862956,0.9984401821963723,0.999805683455529,1.0007024734317866
-16.0,0.0,89.0963394195242,13.115093171629233,11.477052501106048,0.8604255704237408,0.19314938881973617,0.11111612378111155,31.92450387015942,10.44215854898689,0.9930249407976435,0.9986627966046026,0.99977592686554,1.000602136416746
-14.0,0.0,89.09732477431042,13.11409731876432,11.476767135297761,0.8603711608252201,0.19315593378113993,0.11111499511590647,31.923877085566357,10.44255245533116,0.9930383582224227,0.9988041378630874,0.9997568451715843,1.0005384313447854
-12.0,0.0,89.09815071756219,13.113386543890808,11.476576404725868,0.8603320193771683,0.1931604717945147,0.11111434499386547,31.924439728435807,10.442799430524202,0.9930450098141517,0.998875207511697,0.9997454077416346,1.0005063990855083
-10.0,0.0,89.09885906622377,13.11297394487563,11.476442961613841,0.860301351541627,0.19316369212001364,0.11111419629916919,31.925130545593177,10.442916629085198,0.9930476987290779,0.9989039992895904,0.9997385722905249,1.0004934221809234
-8.0,0.0,89.09947416717458,13.112766578202836,11.476341154107311,0.8602753754713878,0.1931660986947102,0.11111442070793888,31.925495345459463,10.442954165572065,0.9930484285970635,0.9989153219783307,0.9997342601581193,1.0004883188716795
-6.0,0.0,89.1000086393979,13.1126605809544,11.476257633180714,0.8602526397505316,0.19316798382072625,0.11111486362950306,31.925490552718188,10.442958179842076,0.9930482972263182,0.9989239977478057,0.9997313879383162,1.0004844085708855
-4.0,0.0,89.10047717159136,13.112583152780516,11.476186104623372,0.8602326124503904,0.1931695239318894,0.11111539926367338,31.92527493764584,10.442956748936943,0.9930477869450351,0.9989351424523861,0.9997294423730123,1.000479385485394
-2.0,0.0,89.10088684999823,13.112504767234318,11.476125179791058,0.8602153189022028,0.19317078185419467,0.11111596661669476,31.924989874228853,10.442959693339636,0.9930470127522497,0.9989487194801585,0.9997283013874952,1.0004732661180573
0.0,0.0,89.1012445133854,13.112418521002887,11.476074439131454,0.8602007570531685,0.19317179401654125,0.11111653663178732,31.926506468112652,10.442967568792334,0.993045993533765,0.9989627599942332,0.9997279188842169,1.0004669378536966
2.0,0.0,332.47886157673014,885.6067320601434,10.77535655282948,0.23476850486559325,2.8366586685085196,1.3186194773615754,7018.734330397233,6.069590800000002,9.72536398995598,0.07000000000000006,0.9443787993814107,2.0
4.0,0.0,340.377917478601,1349.4536342041572,10.165119067192101,0.0313565246737149,5.7737551873633315,1.4436480582641429,1509.1734141859172,6.069590800000037,13.549929685749138,0.07000000000000006,0.8962614436223795,2.0
6.0,0.0,288.817571649919,1155.4467192818927,9.645589170409968,0.026769901412642776,6.131880954027483,1.5260603696770512,1116.7493146633703,6.069590800030509,13.549999996229552,0.07000000000000006,0.8555981702554403,2.0
8.0,0.0,268.8195359089177,931.4269881835672,9.203281643723844,0.03657953911015736,6.079477816049271,1.6020907491420069,1001.5470365876056,6.069590800740127,13.549999999983934,0.07000000000000006,0.8214243538078674,2.0
10.0,0.0,249.64967825752933,774.5613604829285,8.826728023115468,0.050747231968380234,5.870283401342264,1.6719764509155473,904.6458873657562,6.069590811744233,13.549999999998601,0.07000000000000006,0.7928687234201096,2.0
12.0,0.0,230.48544191565986,661.100974211064,8.506133649410039,0.06715638734776112,5.572160534998039,1.7349676150336302,811.8822573966086,6.069590944616565,13.549999999999226,0.07000000000000006,0.7691516334738383,2.0
14.0,0.0,211.7533241286253,573.942925247119,8.233203450761746,0.08514041353766173,5.225718156988762,1.7869331750942885,721.4295409298973,6.069592236979394,13.549999999998676,0.07000000000000006,0.749589205240441,2.0
16.0,0.0,193.6914089356224,503.5864407481864,8.000820486722102,0.10418704658323916,4.857119887371905,1.8139426333470514,632.9309309467646,6.069602713848429,13.549999999995457,0.07000000000000006,0.7335778200491648,1.9999999999999907
18.0,0.0,176.46409071480707,444.3709714492409,7.803015151487358,0.12339779751016984,4.48298392463092,1.7810627587497272,547.4482696491863,6.069674592959631,13.549999999976428,0.07000000000000006,0.7206003748142142,1.99999999999916
20.0,0.0,160.26588071721912,392.8207470321987,7.634644454649747,0.14115296034175293,4.114413727438873,1.6359498072516625,467.25048164627776,6.070087678729308,13.5499999998449,0.07000000000000006,0.7102034262834453,1.9999999999578668
22.0,0.0,145.3617910692728,346.9572939266512,7.491425505404358,0.15546436804544078,3.7598919113513967,1.3698367553849353,395.0583012884825,6.072014601474904,13.549999998846221,0.07000000000000006,0.7020039607903975,1.9999999986809534
24.0,0.0,131.987618299814,305.8228973695932,7.370241878460191,0.16539343576902585,3.4268231198590655,1.0603208102055535,332.25175147301286,6.079155331429683,13.549999991014078,0.07000000000000006,0.6957180614258638,1.9999999729318925
26.0,0.0,120.16154418459493,268.887347502451,7.269239913211809,0.17163286440652978,3.120408752301342,0.7856143482743136,277.68666120195314,6.1006645587448745,13.549999930641931,0.07000000000000006,0.6911692440151297,1.9999996177564932
28.0,0.0,109.73362989674449,235.73098587480743,7.1892597552807604,0.1753919676403437,2.8429718437364535,0.571587449230482,229.20192521476122,6.155692650688726,13.549999489815761,0.07000000000000006,0.6884119790081258,1.9999960594106831
30.0,0.0,100.4862284676282,205.84772091292413,7.135283586273926,0.1777245339194122,2.5938732226240044,0.4136174024703421,184.90822205819643,6.28034401022389,13.549996516360093,0.07000000000001672,0.6878538809992198,1.9999683962658636
32.0,0.0,92.22937186418342,178.75831552238228,7.119983136696635,0.17950276263017706,2.3711230838867774,0.29975240611038284,143.89691597105107,6.536648064587108,13.549978290781677,0.07000000000485729,0.6905542039818862,1.9997928544596193
34.0,0.0,84.78666486266064,154.00632020529756,7.166246173848548,0.18157952047936482,2.171446459740908,0.2183809360289421,106.19847559999334,7.022954243483372,13.549877383202745,0.07000000085783431,0.6984298515663127,1.9988525692932564
36.0,0.0,78.03367178130672,131.34579615946507,7.313770232726563,0.18499618943333984,1.9919237553722622,0.16045839913863014,72.90563767629219,7.8759193620992365,13.549374576855811,0.07000009279648611,0.7147852429287727,1.9946002690296645
38.0,0.0,71.87073330846745,110.72322914173286,7.621117374252123,0.19104030030003397,1.8296187597343627,0.11920087698332058,45.621635095631284,9.253022599960623,13.547121990586831,0.07000586128130482,0.7444115383122866,1.9787950962810938
40.0,0.0,66.21914026277126,92.2494615385306,8.159628985558912,0.20106157692469845,1.6814886840200727,0.08966817812530053,25.57417141617293,11.279789436725766,13.538057994921285,0.07020052879782646,0.792910760293082,1.9325405420147597
42.0,0.0,61.03258363376996,76.15665415876532,9.006546284185509,0.21630758112921392,1.5442158167034594,0.06835683626680295,12.745259752114311,13.962383212637455,13.505548527809271,0.07348878038029594,0.8658081651229039,1.8308165750920429
44.0,0.0,56.27692096992035,62.54755761742308,10.21045117192124,0.23786576781349106,1.412333566761471,0.0527842114301616,5.674366009722396,17.150231863154033,13.4025738403455,0.1013315386296032,0.9653179321594029,1.6640654263324393
46.0,0.0,51.94936806119482,51.351554905988465,11.78283618177615,0.2703088465853954,1.2769521199426546,0.041312338134324826,2.3046768365234667,20.623186910529448,13.119747148797337,0.2239068566745811,1.0894441913000052,1.4537559086600629
48.0,0.0,48.091053431039285,42.29950512380713,13.704386260230882,0.32913120381769506,1.125852821617208,0.03296357369130415,0.8903956262428289,24.278126991617288,12.464547282246075,0.51683246407272,1.2326404642422275,1.2353071194638978
50.0,0.0,44.8149626892481,35.02250053366427,15.955375273967542,0.43911899594587084,0.9503780867197618,0.02721570491379766,0.3534620334026141,28.170232099415294,11.2325262123878,0.9240537462224598,1.3884885602161645,1.0343218150266456
52.0,0.0,42.308988423076045,29.16642892611764,18.530532545023725,0.6165087526529346,0.7586290563464828,0.023751563189351774,0.16308542238902585,32.30695300570415,9.425443538133308,1.3019392456677736,1.5508801698948662,0.8616349987751194
54.0,0.0,40.744012962926355,24.41143913094216,21.404528139428674,0.8557232465414545,0.5762066945154426,0.02228797183489037,0.10018583759742389,36.47160628961109,7.378080971616004,1.5821867054063627,1.7121143895403763,0.7175976551066624
56.0,0.0,40.21953430489022,20.531413736360488,24.500516776544725,1.1341106735237634,0.4279266322447648,0.022667891667634558,9.809071218216976,40.111296005687606,5.529604729399478,1.7336342152585194,1.8625870047639652,0.6250896068872748
58.0,0.0,40.697102936152376,19.18383103197408,27.356393661652497,1.3412078279248285,0.32228641281298287,0.024827065625277086,52.00183352488771,38.11949768073204,4.122660923494621,0.9476936513323935,1.9792823189810318,1.0236108164766546
60.0,0.0,41.835014586863956,21.691262555579176,29.037462109204565,1.349382016576363,0.25727772444914326,0.02742797391003892,67.58218675047229,32.6197555925209,3.208940812692726,0.30265398386043607,2.032772602051337,1.3794857226901343
62.0,0.0,43.126855333826434,24.540860834361037,29.761460320100227,1.2827522689002437,0.22089628464651997,0.029200589185605794,62.473282120939544,29.596739562019625,2.663795071119842,0.19075851673916144,2.04493659595382,1.4927914238154372
64.0,0.0,44.34025521874454,25.678022483157847,30.053477868704178,1.2097415371868274,0.19997553510103072,0.03015639983072111,52.464866488059656,28.37269755796346,2.3260641506135995,0.19514552223990855,2.040314307434238,1.4872377719219712
66.0,0.0,45.42620160493087,25.194878173191924,30.18224671017852,1.147276195316429,0.18625885093926847,0.030543385551689988,43.726733254052355,28.016195339902684,2.0921485944981066,0.24764166122320252,2.0298551244146834,1.4291679017391836
68.0,0.0,46.39607213120534,23.814670456045107,30.278218095758906,1.1024245550575074,0.17570954898640195,0.03062301941069444,38.90292693331804,28.142261695013516,1.9109150788666271,0.3311309150290206,2.0185569022836107,1.3566908677742697
70.0,0.0,47.284578478730715,22.280411057509955,30.397992991107714,1.0755411528122387,0.16679150408368992,0.030646012223772414,38.72902106748136,28.41497518986613,1.761459464153905,0.40310684756321113,2.0085057209901067,1.3051356763773017
72.0,0.0,48.127348725078505,21.128535401574883,30.530652466891294,1.0583576947907112,0.15925602798495525,0.03076874041141429,41.30504968068417,28.47604826614195,1.6376741278369478,0.4247593492330123,1.9992627183260827,1.290932805003681
74.0,0.0,48.94067884310046,20.50185537138558,30.625491434902315,1.0413583817746503,0.1532556091191372,0.03100017561687407,43.515823487990296,28.21415599535898,1.5381253370397463,0.4125913260629954,1.9889778929099775,1.298851527628979
76.0,0.0,49.7207871784836,20.195934270030687,30.64785635956293,1.0217904011899714,0.148782182717513,0.031272251884266675,43.98017739178063,27.803908904784585,1.4603199019665096,0.402663010794196,1.9764393197870105,1.3054322515462475
78.0,0.0,50.45913645374443,19.948995665856554,30.601166967715532,1.0019475460771454,0.1455581784587454,0.03153539773910185,43.32840841285966,27.427879408497425,1.399760642502475,0.4080650128229645,1.9618091924330552,1.3018379271180152
80.0,0.0,51.1533201633032,19.648643326917576,30.507004722741666,0.98434866870255,0.14321471466610075,0.03178475779088719,42.66724087434862,27.132472353666035,1.3516492042783108,0.4229449628329448,1.945876236801771,1.2921037192315492
82.0,0.0,51.807035437365876,19.32032909581555,30.382579592351068,0.9696663803518273,0.14146766165363747,0.03203793658237516,42.34433391016973,26.875835164147556,1.3124085045414775,0.4376169693502102,1.9292563545452364,1.2827296595492539
84.0,0.0,52.426071562311165,19.022172977080384,30.23455500552013,0.9571579197184562,0.14015587744360353,0.032308576396245216,42.39553705854911,26.6114667027035,1.2798522264288534,0.4478951019102744,1.9121739794622803,1.276286140914802
86.0,0.0,53.01452668796453,18.77596652617548,30.06367321066044,0.9459940099237676,0.13920074473975308,0.03259781431159294,42.35516964371507,26.32858819152999,1.2527306006941457,0.4555786189310974,1.8946385159016081,1.2715318106414448
88.0,0.0,53.575042386080796,18.567170799045037,29.871326182915617,0.9358859229107892,0.1385436356580943,0.032900506541109244,42.1531034466265,26.040718821172913,1.2300907261378606,0.463530704787234,1.8766792355482835,1.2666651866938043
90.0,0.0,54.10983034807319,18.37663027300265,29.661035311525964,0.9268838185416176,0.13812552266346562,0.033213173512363296,41.95088827807951,25.75918608443909,1.2110740860450218,0.47241968865745454,1.8584036443149936,1.2612873930881214
92.0,0.0,54.62123533670866,18.19805845904284,29.436643455493005,0.9189924820534426,0.13789341336982672,0.03353553296782395,41.82141451702813,25.484309849184417,1.1949543716408204,0.4814033155071682,1.8399341471498543,1.255916203913808
94.0,0.0,55.11163667954029,18.033426287198882,29.200988078327452,0.9120750891666017,0.13780726607226776,0.03386804456104084,41.730153513647814,25.212227141322934,1.1811749033608727,0.48985748542040475,1.8213580364894781,1.2509176812786769
96.0,0.0,55.58311312120347,17.88371578254235,28.956005912249758,0.9059675845252642,0.13783900344745262,0.034210232218046255,41.546346184096215,24.94159680873567,1.169325269500134,0.4978955970696465,1.8027313825953315,1.2462135311888791
98.0,0.0,56.03753637255944,17.746431385686577,28.703438517215545,0.9005578684653774,0.1379662642925525,0.03456092052670647,41.340010314722846,24.67370633022875,1.1590727079961196,0.5058397361287899,1.784101920426333,1.2416088994866472
100.0,0.0,56.4765046098627,17.618570242044207,28.44497769463276,0.8957807938722532,0.13817036517341327,0.03491914840573107,41.12319715062828,24.409746535795414,1.1501442937214579,0.5137731181037496,1.7655188148402174,1.2370530010873482
102.0,0.0,56.901496908511156,17.498533989200997,28.1821642317556,0.8915728222275542,0.13843551853903363,0.03528433586327954,40.93045702861033,24.149776281987368,1.142312173663612,0.5216119115778353,1.7470271431504418,1.2325915830458778
104.0,0.0,57.31388449526766,17.385606481268763,27.91627505690457,0.8878623427836109,0.1387490666356149,0.03565601161884667,40.84083625399514,23.89349046119243,1.1353906242552778,0.5293152005881714,1.7286624399347779,1.228244758155406
106.0,0.0,57.714732686853985,17.27908476215766,27.64834618399645,0.8845933545531076,0.13910157871626053,0.036033695585922405,40.645522673000805,23.640916392992658,1.1292386781599628,0.5369182625819394,1.7104578044837595,1.2239896118838531
108.0,0.0,58.10517846964629,17.177955841681566,27.37931141068981,0.8817101119540166,0.13948467844417456,0.03641686350717724,40.514349083344776,23.392209425038438,1.12372882694969,0.5444632398609889,1.692436748033606,1.219800259931839
110.0,0.0,58.48612029419053,17.08140745590604,27.1099722992969,0.8791726427801053,0.1398918208489358,0.03680511099209099,40.386205104854376,23.147462957610372,1.1187613394041387,0.551957478104168,1.674623343544479,1.2156707755347824
112.0,0.0,58.85826561707586,16.988901630485465,26.841035833911338,0.8769518084862524,0.14031781712950098,0.03719812296969375,39.98636850414676,22.90668896553154,1.1142573630434436,0.5593959501821075,1.6570438769051137,1.2116021942101554
114.0,0.0,59.222728041248956,16.89980372976289,26.57303839339375,0.8749881893313202,0.1407574001957995,0.03759555703627411,40.0753667345951,22.66971122709601,1.1101302490300586,0.566790492344866,1.6396963935866846,1.2075864372507628
116.0,0.0,59.579716507709534,16.813874264989582,26.306542130583633,0.8732842650200705,0.14120794791222618,0.037997214020470134,39.663956406411074,22.43667082629218,1.1063418141971892,0.5741444362009643,1.6226190122726627,1.203620258094491
118.0,0.0,59.93009809620329,16.730601040126384,26.0419163563337,0.8717956759452908,0.14166596142181087,0.038402838858648626,39.318840215958375,22.207445379126202,1.1028316408031191,0.5814699112538212,1.605808607519944,1.1996958308911132
120.0,0.0,60.274482539106195,16.649630813342245,25.779467462163726,0.8704939796419061,0.14212899384989042,0.0388122517218428,39.21075831324699,21.981956580541443,1.0995567164935327,0.5887718713222747,1.5892681536267939,1.195809366461013
122.0,0.0,60.61325798910941,16.570732597391082,25.519505188337227,0.8693665129502354,0.1425952690376002,0.039225313112493956,39.11732554831912,21.760180758333004,1.096486545321235,0.596051991061304,1.5730106861878586,1.1919589211222623
124.0,0.0,60.94693769445439,16.493649227056448,25.262214138184692,0.8683889964515724,0.1430631809895487,0.0396419036691842,39.225402686704356,21.542023495976537,1.0935901405075077,0.6033157129900856,1.5570344419345852,1.18814064270456
126.0,0.0,61.27558610986759,16.418286382333616,25.00799209585986,0.8675760142194634,0.14353166624314698,0.040061909144030544,38.68557159301924,21.327569092400303,1.0908526251695756,0.6105616981142519,1.5413743218408444,1.184354320395711
128.0,0.0,61.59996725909063,16.34432876669156,24.756742599147692,0.8668781857175192,0.14399946654190818,0.040485266837442316,38.51957072702598,21.116579000752548,1.0882417459641802,0.6177989330666518,1.5259956540812891,1.1805944139203643
130.0,0.0,61.92041770650582,16.27163424704681,24.508529728059468,0.8662804276619147,0.1444658916006426,0.040911934881042535,38.786796019490836,20.908973820570846,1.0857408871347447,0.6250293464553733,1.5108946500187987,1.1768591567332245
132.0,0.0,62.23689008448642,16.200183414987013,24.263730087055805,0.8658066557246866,0.14493036758548503,0.041341833790417386,38.552906887561235,20.704843313117717,1.0833436439430706,0.6322501223412432,1.49611021374558,1.1731492623327797
134.0,0.0,62.54983966202812,16.129800840442602,24.022263668893007,0.8654297976416282,0.14539238447332486,0.04177495343092275,38.30884093861239,20.504040413010276,1.0810329998787793,0.6394654657515428,1.4816219508855437,1.1694618603550868
136.0,0.0,62.859558626466125,16.06038584750083,23.784125059505516,0.8651365025655368,0.14585160763043764,0.04221128980346715,38.18193802411996,20.306473650007767,1.0787975779007155,0.6466770552685768,1.467422401993789,1.1657954306411056
138.0,0.0,63.16626411493698,15.991857306452177,23.54934212955243,0.8649201120297684,0.14630779756411572,0.04265083969307541,38.14875894478442,20.112085754581237,1.0766287913816024,0.6538872718461043,1.4535100079751258,1.162148137411945
140.0,0.0,63.47004199861589,15.924176338034869,23.3180763997838,0.8647890986422114,0.1467607208120907,0.04309358678164271,37.84720848628976,19.92086987751903,1.0745212498020784,0.6610933780649898,1.4399002986294844,1.1585207583667823
142.0,0.0,63.77121846374431,15.857248011109396,23.09016509840543,0.8647214978171434,0.1472103349100941,0.043539575900015975,37.67305816086314,19.732698659067044,1.0724660547453313,0.6682987333665125,1.4265705123748325,1.1549110160807698
144.0,0.0,64.06990336389303,15.79103921819388,22.86568586741064,0.8647206684775461,0.1476565495447405,0.04398881732559979,37.42428889061548,19.547542355207778,1.0704588627884064,0.6755023379467282,1.4135277197115343,1.1513188509580188
146.0,0.0,64.36635121543789,15.725478999797494,22.64448520477897,0.864769543206029,0.14809942289570313,0.044441364343379905,37.381329331415145,19.36530041291728,1.0684935671257731,0.6827064034375888,1.4007524479625038,1.1477426198718503
148.0,0.0,64.66065227781245,15.660545251012623,22.42661837512194,0.8648717842245001,0.14853894239420587,0.044897240318245726,37.35982971696434,19.185944734296864,1.0665671713788054,0.6899101588716727,1.3882503230041519,1.1441821852334384
150.0,0.0,64.95284925653696,15.596231611167285,22.2122260689111,0.865038777912673,0.14897507452980524,0.04535646282252649,37.04602648935174,19.009463698072416,1.0646775985871653,0.6971108015809805,1.376036552499615,1.1406384149116602
152.0,0.0,65.2431609769272,15.532483864552065,22.00113916114926,0.8652549190047838,0.14940796407549553,0.045819102171849986,36.71397600244061,18.835763733829996,1.0628205787090854,0.7043099324287442,1.3640911963937992,1.1371100142066712
154.0,0.0,65.53181419529183,15.469246427385265,21.793110295984288,0.8654994258273654,0.1498378033530019,0.04628523722499629,36.70899828990367,18.664747303795963,1.0609921982970887,0.7115095485738228,1.352386596609323,1.1335955218947946
156.0,0.0,65.81881856026237,15.406532998317328,21.588286857375813,0.8657858269434601,0.15026460875570682,0.0467548968302989,36.69432906853701,18.49640813537011,1.0591917362892929,0.7187066264286459,1.3409393916733305,1.1300959412677285
158.0,0.0,66.10422292783207,15.34433716281829,21.386743413061772,0.8661217696379444,0.15068844840303053,0.04722812356979002,36.48717274690441,18.330729410350195,1.0574180964677256,0.7259024009846111,1.3297580165576195,1.1266102062789494
160.0,0.0,66.38826010965964,15.282587857909498,21.188156827578418,0.8664815344490157,0.1511095614711245,0.047705010300166675,36.524265675572714,18.167613684571606,1.055667846711918,0.7330965445966449,1.3188069340371225,1.1231380245069473
162.0,0.0,66.67089386907287,15.22133585974989,20.992764558467147,0.8668864556744875,0.15152795753846746,0.04818559663063139,36.37724834491859,18.007053019426994,1.0539412838569824,0.7402823380261034,1.308112541852103,1.1196821810573425
164.0,0.0,66.95226978997687,15.160544999011787,20.80039076357556,0.8673238043703431,0.1519438311471091,0.048669958369587915,36.24327767633442,17.84899171841939,1.0522364861126974,0.7474658961254514,1.29765598168694,1.1162392875107208
166.0,0.0,67.23246445297006,15.100194436319102,20.61100333030747,0.8677930951992806,0.15235730861803978,0.04915816316834029,36.10602366421954,17.693394510989048,1.0505524498212075,0.7546430478703146,1.2874340603213477,1.1128109117491405
168.0,0.0,67.51153383456439,15.040301966196527,20.42461654290762,0.8682972179675853,0.15276851039769263,0.04965028253967768,35.89323762101978,17.540217237149154,1.0488885639739198,0.7618103510734646,1.2774485599838976,1.1093982600265113
170.0,0.0,67.78961152992538,14.980832549104338,20.241012721614656,0.8688208521723149,0.15317762557330847,0.05014639101560961,35.81384234209612,17.38940803588549,1.0472432422425442,0.7689719478815065,1.2676766911132942,1.1059989350591275
172.0,0.0,68.0666729433535,14.921815406032149,20.060415386360976,0.8693838924021722,0.15358472549913513,0.0506465524978863,35.55772416275063,17.240961521820903,1.0456171084115047,0.7761221190364253,1.2581422828881166,1.1026152342741447
174.0,0.0,68.34287631536445,14.863203177657853,19.88249755678904,0.8699626583157996,0.15399000426273157,0.05115084440603487,35.445547902927025,17.094815224084414,1.044008210099376,0.7832639382263529,1.248811184611676,1.099245290957589
176.0,0.0,68.61823896808959,14.805013804321474,19.707339042051572,0.8705656562935005,0.1543935616874783,0.05165933769573051,35.33458956629495,16.9509465318953,1.0424166231941419,0.7903933911263132,1.2396921036465938,1.0958905961384509
178.0,0.0,68.89280611307403,14.747255927934317,19.53494131913951,0.8711948180514136,0.15479552732751875,0.05217210979518981,35.187742834655566,16.8093227024184,1.040842113514378,0.7975075874284755,1.2307852191639275,1.0925521038963535
180.0,0.0,69.16667054113056,14.68990514401657,19.36510929920904,0.8718373888013755,0.15519603951689445,0.052689224115719906,35.14209758553506,16.669906685275336,1.0392836390110354,0.8046093454479086,1.2220708022385183,1.089228096542184
-30.0,0.7,89.08117744953643,13.10483870967742,11.48,0.8611095785864007,0.19402744536248437,0.11110892574554117,31.907165999520554,10.446799131444001,0.9978577141104089,0.9999997762047036,0.9999993377001946,0.9999999350496706
-28.0,0.7,89.08141200068633,13.10478784818674,11.48001733385778,0.8611125467779436,0.1940316220947282,0.11110783593156272,31.905263089963487,10.447008176561463,0.9978576946136807,1.0000101377468225,1.0000007087714569,0.9999952651240819
-26.0,0.7,89.08187407667039,13.104598496046059,11.480060752407818,0.861119652342953,0.1940346088594318,0.11110556982578126,31.904793740323946,10.447137907656499,0.997857493032166,1.000021878070277,1.0000040996144852,0.9999899737912278
-24.0,0.7,89.08240319305729,13.104510168632112,11.480109617448209,0.8611256287245053,0.1940369093382534,0.11110433851971802,31.910631960879115,10.447117889675209,0.9978570786019849,1.0000020193385888,1.0000078634261735,0.9999989240734053
-22.0,0.7,89.08292909563876,13.105028648549883,11.480121062126623,0.8611247221129119,0.19403887201534392,0.11110430897589062,31.915163779800885,10.44679928333911,0.9978570538938062,0.9999500681997812,1.0000086364719771,1.000022338421161
-20.0,0.7,89.08343239900363,13.10585208974694,11.480069175201717,0.8611158422626153,0.19404074944022462,0.11110490504834855,31.916995536489786,10.446400790381132,0.9978580638175657,0.9999076555104024,1.0000044401824442,1.000041453898453
-18.0,0.7,89.08389788812869,13.106607730441507,11.47996437466697,0.8611015110174775,0.1940425990871608,0.1111056576573088,31.917086226552982,10.446065604528703,0.9978600269518318,0.9998817790165184,0.9999961666278628,1.0000531165277295
-16.0,0.7,89.0843141175428,13.107132318188993,11.479829286505245,0.8610847500013087,0.1940443732699483,0.11110632441629363,31.916269142010986,10.44584507291086,0.9978625279587416,0.9998711259225191,0.9999856530312017,1.0000579179258002
-14.0,0.7,89.0846802151731,13.10742149018844,11.479687567923454,0.8610681064154242,0.1940460100492886,0.11110683511663268,31.915186607456338,10.445728254005234,0.9978650988634081,0.9998706154595296,0.999974776421083,1.000058147993947
-12.0,0.7,89.08499769920958,13.107521617852957,11.479554878794163,0.8610530877392031,0.19404745993353942,0.11110720067893375,31.914179447086802,10.445689055795217,0.9978674217228021,0.9998758918074634,0.9999647680989471,1.0000557699189807
-10.0,0.7,89.08527207439015,13.10749990762504,11.479439818061461,0.8610403773697696,0.19404870372488284,0.1111074676218732,31.91340014071323,10.445696399462046,0.9978693268147804,0.9998834050130456,0.9999562852710242,1.0000523836841957
-8.0,0.7,89.08550758441623,13.107415395942516,11.479346716439311,0.8610302386618522,0.19404973156892502,0.11110768548752727,31.912891530321293,10.445724817249188,0.997870733836986,0.9998907635007629,0.9999496490243456,1.0000490671842799
-6.0,0.7,89.08571641083815,13.107315596196955,11.479270796219655,0.861022003698051,0.19405059844532413,0.11110789570830111,31.912570611157996,10.445756122598034,0.9978717612000183,0.9998970293613472,0.9999444398282799,1.0000462431380122
-4.0,0.7,89.08590176018784,13.107220473623714,11.479210536466361,0.8610154519206592,0.1940513189140937,0.11110811668012792,31.912397368659537,10.445782845176401,0.9978724510426488,0.9999018440247199,0.9999405222853404,1.0000440731530171
-2.0,0.7,89.08606691327235,13.107141879254943,11.479163298653422,0.861010274980505,0.1940519141713974,0.11110835861152771,31.912322382973784,10.445801121799741,0.9978728708010749,0.9999052117880164,0.9999376723954114,1.000042555291474
0.0,0.7,89.086217100025,13.107082026793927,11.479124917983428,0.8610060257880886,0.19405241980732688,0.11110862166642067,31.91676534002628,10.445810501628172,0.9978731161898093,0.9999074965332806,0.9999355445204288,1.00004152554991
2.0,0.7,332.8833676295275,885.7021271622656,10.777960221723966,0.24664271100613305,1.0685142546357966,1.2532742450357466,7031.140529372884,6.069590800000002,3.617388078749548,0.721,0.9445522838541315,1.3
4.0,0.7,347.643629882848,1351.5110472329238,10.167338408192956,0.034353955878987985,2.199753262044079,1.3134425181091327,1530.4717447371142,6.069590800000029,4.764979101389208,0.721,0.8964047536053802,1.3
6.0,0.7,305.9919038186435,1159.9927282644703,9.647487041771956,0.030084255738849607,2.4863414368473737,1.3381744134310407,1174.6653770359133,6.069590800014047,4.7649999989130105,0.721,0.8557157274906954,1.3
8.0,0.7,295.9338340445147,941.5678642340032,9.20491001709018,0.040991771017319996,2.606773765328053,1.3609806114833984,1109.8439394229538,6.069590800177676,4.764999999995659,0.721,0.8215200278289089,1.3
10.0,0.7,286.19563114299444,794.166422454565,8.828108240403617,0.05555227780950052,2.650131933999586,1.38193818243133,1071.5543570867653,6.069590801369006,4.764999999999668,0.721,0.7929439073542618,1.3
12.0,0.7,275.7976151609219,693.7693944466265,8.507296325423862,0.07105519047768723,2.642764957840053,1.4009931246892076,1041.9390681007976,6.0695908079435155,4.764999999999853,0.721,0.7692087353493403,1.3
14.0,0.7,265.1017887440768,622.6791658656673,8.234183558618572,0.08683887565821624,2.6016990076666815,1.4178874380332294,1015.748848081567,6.069590837203848,4.764999999999819,0.721,0.7496311591626678,1.3
16.0,0.7,254.31757255582875,570.6311514054045,8.001664278732278,0.10285919416095744,2.53871158451206,1.4320465064090422,989.2500223535196,6.0695909489872015,4.7649999999996,0.721,0.7336086597819468,1.3
18.0,0.7,243.5680217982603,531.0644774591724,7.80371009259503,0.11923454617811954,2.461784518161264,1.442402153602531,960.1862673078388,6.069591331619658,4.7649999999988015,0.721,0.7206189299065395,1.3
20.0,0.7,232.9378680275789,499.54327869573217,7.63517838461051,0.13610312944227831,2.3763188528240633,1.447154082742648,927.4735099756042,6.069592537089348,4.764999999995856,0.721,0.7102087349754308,1.3
22.0,0.7,222.4915595365389,473.0577205077423,7.491706467165264,0.15355043841376848,2.2859807110612795,1.4435156897840669,890.8721358039558,6.06959608812682,4.764999999984983,0.721,0.7019884325652755,1.2999999999999994
24.0,0.7,212.28337885014386,449.5928692485463,7.3695666611015005,0.17156482712287663,2.1932941753217805,1.4276190328100264,850.7374050162754,6.0696059493940995,4.764999999945671,0.721,0.6956216498129285,1.2999999999999972
26.0,0.7,202.36436470663955,427.84554631859976,7.265560775851983,0.1900096551048649,2.100034811628654,1.3949178961452926,807.8464437580168,6.069631833631704,4.764999999808305,0.721,0.6908176561853778,1.2999999999999843
28.0,0.7,192.78910988517373,407.03035810956794,7.177048179398975,0.20861199900792035,2.0075081149822585,1.3414999677559143,763.2767024388356,6.069695926233758,4.764999999345723,0.721,0.6873346224184882,1.2999999999999197
30.0,0.7,183.6115413664551,386.7225921712232,7.1016799799275825,0.22702046866968423,1.9167230548334533,1.2660637358830602,718.1870502454117,6.069845127886989,4.7649999978405,0.721,0.6849571519423301,1.2999999999995948
32.0,0.7,174.88491337040531,366.75857656422005,7.037560499961267,0.24487330722328687,1.8285126389709507,1.1715231268308641,673.6817409498288,6.070170282997714,4.764999993090656,0.721,0.6835103028419702,1.2999999999979945
34.0,0.7,166.64926331727327,347.13544805186893,6.983053196777869,0.2619110692786007,1.7435616094810817,1.0644859741509598,630.5888042531324,6.0708328200278725,4.764999978510483,0.721,0.6828429992572773,1.2999999999903786
36.0,0.7,158.9255140387692,327.93334067443095,6.93680368961583,0.2780240171856909,1.6624070731406253,0.9528989766253656,589.3854588594891,6.072097755331635,4.764999934914533,0.721,0.6828299467608565,1.2999999999558285
38.0,0.7,151.71772243656417,309.25767984038924,6.897764370964486,0.2932278621799831,1.5854568205143535,0.8436784903717434,550.2555899774804,6.074370547598529,4.764999807999833,0.721,0.6833730736859547,1.2999999998078817
40.0,0.7,145.00663987127535,291.189889995826,6.865048801241426,0.3076414644326076,1.5129010264027922,0.7413208197416867,513.1082024560966,6.078243840139299,4.7649994486392835,0.721,0.684389991220852,1.2999999992121003
42.0,0.7,138.75084364177093,273.7576200712476,6.8378946437406345,0.32143361683396304,1.4446548350941633,0.6480033615242624,477.67281970853253,6.084565447306745,4.764998459189009,0.721,0.6858121940057053,1.2999999969500746
44.0,0.7,132.935545829265,257.00258379415914,6.816178512737722,0.33470747829938824,1.3808241974342046,0.5649107999461693,443.8672540822033,6.094449751335553,4.764995819906728,0.721,0.6876213857871017,1.2999999888606948
46.0,0.7,127.51083800688045,240.88983065152578,6.799624260438007,0.3476214644895435,1.3210919239784218,0.4917085498348124,411.3947870822485,6.109421475421135,4.764988990595235,0.721,0.6897926076125925,1.2999999613995241
48.0,0.7,122.45557431120247,225.41350061298738,6.788628567182328,0.36027281122103016,1.2653744734051633,0.42795042492228524,380.17298121499635,6.131370954101579,4.764971896789966,0.721,0.692353028870469,1.2999998727877438
50.0,0.7,117.72345201925985,210.51294493365683,6.78349559775952,0.37279002531858807,1.2132592600299539,0.3726228214598764,349.9937033445255,6.16279072638394,4.76493039667241,0.721,0.6953281999115621,1.2999995988917483
52.0,0.7,113.29832752432792,196.17482908120638,6.785414450016716,0.3852668262941303,1.1646227626912247,0.3249315253738101,320.8582483334111,6.206578514936253,4.764832920010599,0.721,0.698811491096821,1.2999987879949568
54.0,0.7,109.1423192681912,182.34428878830656,6.795437331470893,0.3978271758770364,1.1190564055891108,0.28385983245598895,292.66588325346413,6.266416353302282,4.7646106102392505,0.7210000000000002,0.7028910401766533,1.2999964755641091
56.0,0.7,105.23586234710132,169.00141575565522,6.815442395794568,0.41059454196579637,1.076322815827215,0.24858890783319756,265.4473158326455,6.34647649386056,4.764118638302758,0.7210000000000056,0.7077191918401394,1.299990126306037
58.0,0.7,101.5533542641876,156.11711572720338,6.847349291902046,0.42370854471378694,1.0360712655004147,0.21831014648947022,239.21925407251277,6.451689863893484,4.7630597491313384,0.7210000000001132,0.7134536899952679,1.2999733142346153
60.0,0.7,98.08450674288403,143.69877667630254,6.894341229503259,0.43734162050925607,0.99806647503438,0.19238223563895446,214.107247830757,6.5871489061006,4.760846738400887,0.7210000000020393,0.7203503829853499,1.299930544907175
62.0,0.7,94.81056824565808,131.74088559236333,6.959402347527928,0.4516810657969499,0.9618756682759244,0.1701741829169939,190.19967634799,6.758515977194165,4.756347407870082,0.7210000000326755,0.7286497139826985,1.299826093217744
64.0,0.7,91.72067167716804,120.25938590216917,7.046288002208595,0.4669417294076554,0.9269958372373582,0.1511667237279751,167.63640620255177,6.97125788323929,4.747459239354499,0.7210000004618922,0.7386493457384895,1.2995822880799786
66.0,0.7,88.80380047627457,109.27044103972928,7.158576487445078,0.4833372207988064,0.89266206504779,0.13489571908878595,146.54841436154965,7.23057597008512,4.730412348442244,0.7210000057138262,0.7506277975882387,1.2990402477822585
68.0,0.7,86.05963145614614,98.81903319573831,7.301090425229516,0.501120844895492,0.8578468588377369,0.1209972690254378,127.10991838684008,7.539899784444819,4.698824940409391,0.7210000609165803,0.7649526353241325,1.297901756732907
70.0,0.7,83.48496094329272,88.93273853973724,7.477207166909083,0.5204827779808977,0.8209570827712236,0.10912667414963179,109.43528443315851,7.901307817972658,4.642488272340055,0.7210005544387819,0.7818657129151375,1.2956507119203053
72.0,0.7,81.0849502794242,79.64928042115075,7.690140036908603,0.5415784396790733,0.7799096160038065,0.0990041054701351,93.63045846116316,8.313761651877218,4.546616076836781,0.7210042609403661,0.801579992039319,1.2914891425408501
74.0,0.7,78.87637071351797,71.02273059082847,7.943124468125109,0.5645192514938505,0.7324213735540537,0.09041040765618728,79.79084147672053,8.771435444879268,4.3930286688260445,0.7210272599660301,0.8242881066991605,1.284365229687833
76.0,0.7,76.87603400509934,63.07981021489699,8.236434973723183,0.5892445005733437,0.676552810396534,0.08313867229301714,67.92612406178701,9.265441181108923,4.164558453432173,0.721144431337593,0.8499300278388991,1.2731099824319645
78.0,0.7,75.10477735039102,55.84067162575189,8.568627653033674,0.6155650076959144,0.6120154327428107,0.07701949421022687,57.99310795951909,9.784472711167366,3.8541660173874215,0.7216322441043724,0.8782927223045861,1.2567697955958392
80.0,0.7,73.58962479389638,49.33723446801174,8.937709317348972,0.6432203060848241,0.5414767596354962,0.07193316534972533,49.922519977747484,10.316198115891318,3.475348868608303,0.7232755749419681,0.9090999074693678,1.2351383694546758
82.0,0.7,72.34045609640796,43.563593224217065,9.339499675205,0.6719146222586334,0.4700038330519133,0.0677645452326519,43.54992081604651,10.856210726328586,3.0620703797466993,0.7277684252051073,0.9419084195524764,1.2089167391127007
84.0,0.7,71.35449502796156,38.50437065504567,9.770710303576369,0.7015498066108531,0.4034267430468635,0.06442661546427794,38.677811672644154,11.40834383859937,2.6574973710337892,0.7377463033478535,0.9763521959862876,1.1797250528172367
86.0,0.7,70.61435255651533,34.12744002596931,10.229617623054372,0.7323477930061569,0.34602460688974007,0.061850756371319836,35.091108352547096,11.98092610991294,2.29675383104511,0.7558174839070991,1.0121990680304374,1.1496690342335747
88.0,0.7,70.09490607447287,30.389580792938467,10.715726285873183,0.7647825887218462,0.2995126483091388,0.05998671039609374,32.59037641824972,12.574734155313047,1.9975513244910976,0.7826844956015417,1.0493147245311492,1.1208480118660205
90.0,0.7,69.76890620575482,27.236958052599274,11.227198898688817,0.7992273853499205,0.263430295302184,0.05879295380522481,31.005222169455624,13.172678399352625,1.7614217068599929,0.8159149709598773,1.0874576001775542,1.0949419410934451
92.0,0.7,69.614516817196,24.619797585887145,11.75797133311956,0.835546301735048,0.23623732061069466,0.058238552031763056,30.21273695261257,13.734301323203109,1.5808665784962703,0.8505483182130263,1.126054756737044,1.0731786819648577
94.0,0.7,69.61171921167578,22.601385493558727,12.292323535796593,0.8720079484239688,0.21607268803046425,0.05828776666344146,48.028073710885195,14.099689562860732,1.4449958229367361,0.843330385837285,1.163828111336136,1.077424656546087
96.0,0.7,69.73835903314973,23.128113810157792,12.726041700628189,0.8949576955548859,0.20193686684261603,0.0589112400390934,72.60824617596305,13.476191455277977,1.347902952201965,0.7596853388788585,1.1928699558805869,1.1447579943661848
98.0,0.7,69.9452150220985,25.689629346317226,12.969267786990981,0.9017147344763007,0.19341254798045787,0.059733268688102054,80.53584487799613,12.734258115064446,1.287319201191167,0.7345287093921851,1.2068456851042981,1.1873156543817778
100.0,0.7,70.18336996968425,28.119031440101292,13.082346572597935,0.9003226003001764,0.18892595578639662,0.06049496258486711,79.94749094422721,12.310750116912615,1.2531440963224312,0.7287062183955815,1.2108138827817783,1.2051961497734873
102.0,0.7,70.42519814569674,29.608973803721582,13.127872864423257,0.8954837423877278,0.1867869861838192,0.061130889829222865,76.41231290935556,12.085174781436436,1.23439901604368,0.7273574299330191,1.2097115124995719,1.210662866049389
104.0,0.7,70.6579202220628,30.18537435358501,13.139068563312192,0.8893056829139574,0.18581018959613593,0.06163799360816172,72.164979869617,11.960337000924985,1.2233876476979273,0.7275910151938559,1.2061219445822189,1.2096610169885815
106.0,0.7,70.87634321831221,30.091097686165828,13.133506618697881,0.8828131501311305,0.18527877026435474,0.06202888145515655,68.07240011083275,11.894429388462463,1.2154740362874499,0.7287818062407894,1.2013997068963256,1.2049105078134952
108.0,0.7,71.07922056031356,29.56861191935624,13.121570451207642,0.876577747164961,0.1848004522918295,0.062321291819982735,64.51564227444841,11.868736582348273,1.2081331129988808,0.7307785128947121,1.1963370881142077,1.197987954960942
110.0,0.7,71.2673850679272,28.81311497072851,13.109790058581066,0.8709418981037342,0.18419425704608777,0.06253525199388482,61.664980087157325,11.872072949024078,1.2002058512400953,0.7334782925624187,1.1914263228768505,1.190068645731413
112.0,0.7,71.44280884848257,27.97262641111456,13.102077264162796,0.8660886263584239,0.18341266002882714,0.06269224788997388,59.563259162802275,11.894564816007174,1.191388078180692,0.7366740133402325,1.1869563533826573,1.1821306041993087
114.0,0.7,71.60807808008192,27.14960457618904,13.100013487277899,0.8620447126354013,0.18248850152900167,0.0628136128010288,58.14700527111628,11.926347991398776,1.1818816846137574,0.7400555355662519,1.183034813253453,1.1748908157547144
116.0,0.7,71.76523476940092,26.40973950778288,13.103642995136703,0.8587583249419,0.18148222701055688,0.06291633190176577,57.27459152364189,11.957944649884414,1.1720673581534082,0.7432569009516892,1.1796587119794935,1.1688272893859848
118.0,0.7,71.91642329909565,25.780125182203275,13.111368348805032,0.8560516836886075,0.1804675818494576,0.06301393725439615,56.75724002251133,11.982804151485087,1.1623963039880139,0.7460640533824092,1.1766953246395042,1.1639944493921257
120.0,0.7,72.06297303705811,25.261726355007983,13.121189699962867,0.8537432358572243,0.17950168054439095,0.06311375137178629,56.411952356289774,11.997945302829168,1.1532149792605737,0.7484281699487741,1.1739869496603048,1.160209109805104
122.0,0.7,72.205649608055,24.837582602072803,13.131221895241971,0.8516757324264113,0.17862184944788256,0.06321843749231656,56.09636176182915,12.003878787076843,1.1447433652353158,0.7504511336402231,1.1713872872748259,1.1571459636243189
124.0,0.7,72.34479526225914,24.48202395005855,13.140147283417328,0.8497440661814477,0.17784472734219653,0.06332750426177024,55.72923943068934,12.003396818329646,1.137070490961882,0.7523035841751617,1.1687946303344252,1.1544661820078286
126.0,0.7,72.48048958719956,24.169801431926395,13.147367495220175,0.84790126176964,0.17717046192848232,0.06343908304078431,55.28598324652033,11.9998609694217,1.1301827187017561,0.7541413158500077,1.1661628108955695,1.151913654513865
128.0,0.7,72.61272198010798,23.881496295737083,13.152879657998046,0.8461441289812163,0.17658896981672084,0.06355131342526447,54.78010068789165,11.995999521071163,1.124003721383149,0.7560638873693681,1.163490972752788,1.149345355008019
130.0,0.7,72.74151081580844,23.60531303198466,13.157033622298679,0.8444925887313652,0.1760858295743465,0.06366308464975724,54.24198651891208,11.993402708589933,1.1184315267042237,0.7581092022840585,1.160804652033573,1.1467168513997312
132.0,0.7,72.86696989184502,23.33616605257842,13.160293329302062,0.8429709306208971,0.1756464487384442,0.063774204154827,53.70281098944073,11.992567154313404,1.1133641284574194,0.7602683245990373,1.1581372293248233,1.1440472156329564
134.0,0.7,72.98921858990434,23.07368916839965,13.163058068741387,0.8416012144503273,0.17525960783747965,0.0638852211308643,53.18033015028877,11.99321820905192,1.1087236261749833,0.7625050843757033,1.1555191008736656,1.1413847554413534
136.0,0.7,73.10865816101925,22.81910143236542,13.165607682549831,0.8403824503660268,0.1749146015166583,0.06399701570910224,52.69225450134648,11.99475606887549,1.104430775596379,0.7647828665083395,1.1529652340572398,1.1387713978138265
138.0,0.7,73.22545754933157,22.57465245761781,13.168052999160068,0.8393173391134203,0.1746066706212762,0.06411061418794635,52.23300317907794,11.99650218661992,1.100450420568654,0.7670668077370704,1.1504852263415466,1.1362413160108258
140.0,0.7,73.3400052261212,22.341054445121365,13.1704088054818,0.8383886637017122,0.17433051828690704,0.0642267221668048,51.802926116410035,11.9980450418123,1.096739117294066,0.7693443963343933,1.1480745539443897,1.133800623106462
142.0,0.7,73.4524707691939,22.119011285212267,13.17262022790023,0.8375888187318176,0.1740842967812105,0.06434605853488606,51.39035406432473,11.999060012292857,1.093280475923479,0.7716062922772882,1.1457303708397752,1.1314514695003526
144.0,0.7,73.56312857105817,21.90771239560009,13.17462129748207,0.8369022184826039,0.17386524354562605,0.06446894872816264,50.99112395703367,11.999522798303099,1.0900496290051747,0.7738594415738079,1.143444613059526,1.129179648450015
146.0,0.7,73.67223958873049,21.705755807603037,13.176368141374915,0.8363143512770366,0.17367051637971426,0.06459546605299285,50.60415111757864,11.999550373315675,1.0870213978826917,0.7761147671283342,1.141209785047457,1.126968746571859
148.0,0.7,73.77992626276472,21.512350066182275,13.177819042540355,0.8358213033568387,0.17349884419504366,0.06472590129715047,50.22380399283394,11.999180636997307,1.0841840192063705,0.7783759485865624,1.1390241066047206,1.124810934060373
150.0,0.7,73.88643420024314,21.326002967525508,13.178981623108621,0.8354112488165771,0.17334715092239877,0.06486012188786051,49.85350360544078,11.998574141255137,1.0815113559505312,0.7806517298836815,1.136882514156055,1.122694530719852
152.0,0.7,73.99184807150367,21.14635342763741,13.179839302842424,0.8350851563049155,0.1732145873089246,0.06499850496070139,49.4891703695619,11.99769804747784,1.0789956042028024,0.7829393189503484,1.1347866361502355,1.1206193266081954
154.0,0.7,74.0963783764527,20.972433241036587,13.180416214242522,0.8348336170606842,0.1730985381185591,0.06514093779147596,49.13395276018985,11.996628082202959,1.0766147514599382,0.7852421554343179,1.132732955189261,1.1185796669922905
156.0,0.7,74.20014931897768,20.8039119988728,13.180713104956554,0.8346539693480168,0.1729977592720012,0.06528762638803573,48.78669272435898,11.995331071754778,1.0743578117628332,0.7875580259480306,1.130721231173357,1.1165752386187466
158.0,0.7,74.30328856446047,20.640504504451314,13.180728132528317,0.8345430957710689,0.17291110838697316,0.06543877208044967,48.446720245270306,11.993770115548354,1.0722144852288535,0.7898850745319226,1.1287508137708213,1.1146054485102002
160.0,0.7,74.40593838247504,20.481783160891972,13.180465707343158,0.8344952984080871,0.17283721894093607,0.06559441380437528,48.11421429306159,11.991948837715098,1.070172686878216,0.7922241612405007,1.1268194080423728,1.1126675233591679
162.0,0.7,74.50822230433185,20.32735836139288,13.179928626290456,0.8345053912215268,0.1727749465526646,0.06575456901794563,47.788640837556954,11.989876874439865,1.0682221939657295,0.7945765253368517,1.1249247520564534,1.1107586091868575
164.0,0.7,74.6102407605874,20.177030703814115,13.179107848875175,0.8345711917867517,0.17272367373253014,0.065919430893952,47.46914374002232,11.987527680653804,1.0663568450290413,0.7969414045886322,1.1230661415037986,1.1088776505168543
166.0,0.7,74.71210505688805,20.030356895079724,13.178012088852553,0.8346869016452807,0.17268230230304946,0.0660889001853307,47.15522943457593,11.984941559121498,1.0645669780844471,0.7993215880648503,1.1212407204379167,1.1070209255483936
168.0,0.7,74.81390189321279,19.887406313468706,13.176613050718652,0.834854865135901,0.1726509478543922,0.06626349530573775,46.84766083206224,11.982030708120874,1.0628517958291592,0.8017129624289565,1.1194502705569638,1.105190220207465
170.0,0.7,74.9157258463639,19.747547143194556,13.174942121707112,0.8350660292726183,0.17262812160534327,0.06644275947814268,46.544512395061204,11.978903363180894,1.0611992409144366,0.8041214667624791,1.117689871470931,1.103379700257021
172.0,0.7,75.01765047529634,19.610580423832957,13.172999811255615,0.8353180353073532,0.17261333512010305,0.06662674698723979,46.24471079521559,11.975560403491873,1.0596045781015353,0.8065473513016659,1.1159584227406858,1.1015881003485586
174.0,0.7,75.11975789557819,19.476477474592425,13.170771006421454,0.835611328296422,0.17260651659085777,0.06681577935830851,45.94951804075392,11.971952836330429,1.05806584346541,0.8089883871664498,1.1142564631251886,1.0998160197880178
176.0,0.7,75.22213181769466,19.345117380789702,13.168249075126834,0.8359447455522354,0.172607392868587,0.06701004080445681,45.66038586092165,11.968059314921073,1.0565796610229483,0.8114437820567845,1.1125835456405748,1.098062996746288
178.0,0.7,75.32483608713945,19.216258768699266,13.165442552155795,0.8363148263741152,0.17261540148303867,0.06720945471579348,45.37638633951393,11.96390454522135,1.0551409803012533,0.8139149175307316,1.110937775380639,1.0963270812309664
180.0,0.7,75.42789099232485,19.089535403113388,13.162379847799423,0.8367155661777694,0.17262965300194533,0.06741359253261553,45.09118767826662,11.959571440235507,1.053743200911605,0.8164057348469078,1.1093156343103656,1.0946046853685645
-30.0,1.0,89.08117744953643,13.10483870967742,11.48,0.8611095785864007,0.194444,0.11110892574554117,31.907165999520554,10.446799131444001,1.0,1.0,0.9999993377001946,1.0
-28.0,1.0,89.08053384322027,13.104780741505067,11.480020329264612,0.8611127603593629,0.19444378725243933,0.11110766724200548,31.904756456728467,10.447059739974472,1.0,1.0,1.0000009441289066,1.0
-26.0,1.0,89.0798997360202,13.104524224956474,11.48008199451603,0.8611215447569011,0.1944431230853536,0.11110436155559779,31.903246432381845,10.447321825441417,1.0,1.0,1.0000057620820118,1.0
-24.0,1.0,89.07936430511337,13.104179480494057,11.480176309122538,0.8611323417358252,0.19444226302002587,0.11110114423596636,31.902107816379257,10.447572410132596,1.0,1.0,1.0000130636940292,1.0
-22.0,1.0,89.07886514051596,13.103816226066018,11.480296312797442,0.8611439077946215,0.19444131424497108,0.11109855115628872,31.901138359277653,10.447808914543547,1.0,1.0,1.0000222682514994,1.0
-20.0,1.0,89.07840038367279,13.103456962019836,11.48043613892278,0.8611558938359083,0.19444033111409809,0.11109652887115498,31.900301733833633,10.448027692228862,1.0,1.0,1.0000328841077428,1.0
-18.0,1.0,89.07796795823118,13.103110602503344,11.480588781372482,0.8611680451155347,0.19443934994105047,0.11109491767690906,31.899566268305993,10.4482292083249,1.0,1.0,1.0000443575110274,1.0
-16.0,1.0,89.07757122304355,13.102783905280573,11.48075037981081,0.8611801567883376,0.19443839597951212,0.1110936620470804,31.89892462220922,10.448411852525298,1.0,1.0,1.0000563611606914,1.0
-14.0,1.0,89.07720869415448,13.102478951745216,11.480916213190808,0.8611920277515699,0.194437485620052,0.11109267785525671,31.898360246921523,10.448576968807707,1.0,1.0,1.0000685256014934,1.0
-12.0,1.0,89.0768807546097,13.102197419353958,11.481082863330172,0.8612034846209004,0.19443663127718855,0.1110919201609553,31.897865259145746,10.448724999631125,1.0,1.0,1.0000805769519807,1.0
-10.0,1.0,89.07658380304318,13.10193738078061,11.481247681567716,0.8612144379925634,0.1944358344952139,0.1110913350370201,31.897426899966693,10.448858304489415,1.0,1.0,1.00009232410575,1.0
-8.0,1.0,89.0763163483862,13.101698095806269,11.481408758659907,0.861224806888735,0.19443509773066817,0.11109089239116017,31.897038455132133,10.448978043438746,1.0,1.0,1.0001036243629653,1.0
-6.0,1.0,89.07608009198368,13.101481083421566,11.481563782212483,0.8612344465562904,0.1944344296353285,0.1110905785321382,31.89669877839716,10.449083877767885,1.0,1.0,1.0001142876520515,1.0
-4.0,1.0,89.07586913027832,13.101282328476866,11.481712322103936,0.8612434106671405,0.19443382076617127,0.11109035379475773,31.896395820009232,10.449178760876393,1.0,1.0,1.0001243119230085,1.0
-2.0,1.0,89.07568236241418,13.101101136186433,11.481853500392955,0.8612516659179328,0.19443327088787837,0.11109020397160298,31.896126060263324,10.449263402797293,1.0,1.0,1.0001336355276986,1.0
0.0,1.0,89.07551475010283,13.100933894734522,11.481988101229003,0.8612593192207139,0.194432769110138,0.11109010720319502,31.895882400640122,10.449339995719221,1.0,1.0,1.0001423470285722,1.0
2.0,1.0,333.05244509404304,885.7351172791859,10.78040868596943,0.2516807767134761,0.2969775325817108,1.2253774517466676,7036.442355364994,6.069590800000002,1.0,1.0,0.9447270724471376,1.0
4.0,1.0,350.9462962315602,1352.3658811452224,10.169426678305257,0.03560801141499935,0.4779595221313042,1.2577709851212437,1540.101472754651,6.069590800000024,1.0,1.0,0.8965509256237472,1.0
6.0,1.0,314.1799332351877,1162.0212064281016,9.649266618009088,0.03138422704603203,0.5554025414143463,1.2577728306551816,1202.1339360632344,6.069590800009793,1.0,1.0,0.855836772147131,1.0
8.0,1.0,309.4812928785291,946.2977859881648,9.20640022713293,0.042402127475416,0.5973800954579427,1.2577565346835404,1164.3558392774064,6.069590800089088,1.0,1.0,0.8216169342408118,1.0
10.0,1.0,305.2578849750129,803.8580088100365,8.829380840056492,0.05625345974347479,0.622152161547579,1.2576877957861377,1161.0151640370384,6.069590800465767,1.0,1.0,0.7930226321266182,1.0
12.0,1.0,300.3912296056731,710.830584978097,8.508389327065654,0.06979232682651133,0.6351772076016027,1.2575052153785662,1173.621955443222,6.069590801762654,1.0,1.0,0.7692723942393935,1.0
14.0,1.0,295.1566562252642,649.5961693933508,8.235141220625346,0.08222574942270332,0.6400544769465476,1.2571424468370194,1196.1997401390847,6.069590805252897,1.0,1.0,0.7496835431765642,1.0
16.0,1.0,289.7063823916158,609.8379420931694,8.002457478209621,0.09354377236244378,0.6393412097602483,1.2565386828853031,1223.9409927067704,6.069590813219468,1.0,1.0,0.7336470287271181,1.0
18.0,1.0,284.1242632347434,584.9234653696709,7.80439198151796,0.1039630295238629,0.634792064306744,1.2556377493920177,1253.365520085786,6.0695908295473835,1.0,1.0,0.7206479986898936,1.0
20.0,1.0,278.46709301268936,570.1953963611747,7.63578973132212,0.11376584174460921,0.6276306899621378,1.2543781430009195,1281.9714161160168,6.069590860759914,1.0,1.0,0.7102321009140916,1.0
22.0,1.0,272.77538199700865,562.3415297354884,7.492256568311236,0.1232181739525753,0.6187019760067451,1.2526828722120715,1308.0181699434413,6.069590917752465,1.0,1.0,0.7020068892597879,1.0
24.0,1.0,267.0784816393316,558.9956204124198,7.370139741119935,0.13253971141207357,0.6085866189788002,1.2504521384234542,1330.3394597734352,6.069591018603282,1.0,1.0,0.6956425066719345,1.0
26.0,1.0,261.3976102369948,558.4099330056986,7.266081391556708,0.14190939844229078,0.5976971998726324,1.247553400301741,1348.1376311482602,6.069591193261143,1.0,1.0,0.6908342633851945,1.0
28.0,1.0,255.74876839725152,559.3570345750604,7.17751094032173,0.15145157009281549,0.5863091957994283,1.2438228686289932,1360.9967247140037,6.069591490627753,1.0,1.0,0.6873465023604995,1.0
30.0,1.0,250.14400541780978,560.9247808095612,7.102059277175373,0.16125845433258762,0.5746210006607605,1.2390561186298188,1368.7125966579958,6.069591990172202,1.0,1.0,0.6849621221053879,1.0
32.0,1.0,244.59255794047368,562.4690038591343,7.037710296482826,0.17139012219345168,0.562769907943818,1.2330079687026134,1371.2841272379228,6.069592819645314,1.0,1.0,0.6834964175010021,1.0
34.0,1.0,239.1041960053512,563.5143967414225,6.9830244924757,0.18187471494142776,0.5508521785963505,1.22540201900988,1368.870773318359,6.069594180923807,1.0,1.0,0.6828144974607251,1.0
36.0,1.0,233.68622714654782,563.736158602274,6.936475995103495,0.19272492103667685,0.5389407307222789,1.2159213680647492,1361.7224689976947,6.069596391119668,1.0,1.0,0.6827766052354308,1.0
38.0,1.0,228.346114018733,562.9228917590531,6.896850301687096,0.20393200099786576,0.5270882813423845,1.2042295080248342,1350.1860781071052,6.069599939799974,1.0,1.0,0.683271018122451,1.0
40.0,1.0,223.09250188780348,560.9360028590651,6.8631755589427685,0.21546715669967004,0.5153368107583162,1.1899935661152492,1334.6745074678229,6.069605569217711,1.0,1.0,0.6842073369070997,1.0
42.0,1.0,217.93124388016227,557.7469189295314,6.834453639020468,0.22729550130043738,0.5037162056140925,1.1728889838271865,1315.64045390188,6.0696143934161535,1.0,1.0,0.6854964890756893,1.0
44.0,1.0,212.87007826136946,553.3555236221013,6.809960256410259,0.239366198395031,0.4922527334163129,1.1526541286810859,1293.5627288486187,6.06962804479373,1.0,1.0,0.6870726626515085,1.0
46.0,1.0,207.92142552312146,547.7588378791602,6.789195248133132,0.2516037903545681,0.4809774463558561,1.1291581564152904,1268.94566649951,6.069648840528181,1.0,1.0,0.6888870523233703,1.0
48.0,1.0,203.0892766509639,541.0758829627305,6.771477824046767,0.26395474100334476,0.46990519650407897,1.1023320444681628,1242.25925769334,6.069680074645682,1.0,1.0,0.6908822405566093,1.0
50.0,1.0,198.38562178830875,533.3718513906816,6.7564359307264175,0.2763350547038701,0.45906367145519655,1.0723261681554161,1213.9857061164694,6.069726192119441,1.0,1.0,0.693022312895438,1.0
52.0,1.0,193.80771234189632,524.8220815408716,6.743523135282579,0.28871485830010934,0.44845329114282684,1.039289093062521,1184.4931464202002,6.069793361781351,1.0,1.0,0.6952658580398751,1.0
54.0,1.0,189.38089794772677,515.4384251961247,6.732679841417609,0.30096010755758523,0.4381272594263843,1.0038474647741509,1154.2846393568327,6.069889033644172,1.0,1.0,0.6975960360327758,1.0
56.0,1.0,185.0955309948058,505.43144028516423,6.72341238141329,0.3130733190767279,0.428073878129237,0.966327189525933,1123.6002774642125,6.070023472563588,1.0,1.0,0.6999796693362389,1.0
58.0,1.0,180.957735789904,494.900854191644,6.715533987091603,0.3250008592270133,0.41831105878237124,0.927322348647393,1092.7348275930158,6.070209108682219,1.0,1.0,0.7023996644033909,1.0
60.0,1.0,176.97395324073148,483.95331640270894,6.708873056141079,0.3366938863263591,0.4088588406099728,0.887470386405032,1061.9465923624384,6.0704608563521125,1.0,1.0,0.7048398432988494,1.0
62.0,1.0,173.1422699234288,472.69850611796915,6.703246983358525,0.34813805729256103,0.39972031732445246,0.8472955459823853,1031.3979612218575,6.070796941290415,1.0,1.0,0.7072869561901651,1.0
64.0,1.0,169.46293961386448,461.23284576228224,6.698518275255627,0.35931622669927854,0.3909034357342956,0.8073092647979493,1001.231688207785,6.07123851898012,1.0,1.0,0.7097299168587929,1.0
66.0,1.0,165.93526745275466,449.63610413108773,6.694581916558428,0.37021597514426224,0.3824135348912708,0.7679628993192169,971.5602364405677,6.071809785285841,1.0,1.0,0.7121603641489658,1.0
68.0,1.0,162.54802997627777,437.9833945326052,6.691305122399524,0.380865543016357,0.37423261359216253,0.7294865609298101,942.3937230121513,6.072540530926568,1.0,1.0,0.7145727131769459,1.0
70.0,1.0,159.31119598979873,426.33135438974364,6.688676165134456,0.3912190869671699,0.3663887948394487,0.6923461860594194,913.8832250786382,6.073458706518169,1.0,1.0,0.7169600926388626,1.0
72.0,1.0,156.2167939486877,414.73510051209615,6.686617874398135,0.40129558721323266,0.3588701351078152,0.6566845204788515,886.032788241115,6.07459866918302,1.0,1.0,0.7193191932143678,1.0
74.0,1.0,153.25393555682575,403.2322999184108,6.685063699061084,0.41112284395795423,0.3516564038654168,0.6225561487434376,858.818266991795,6.076000161549747,1.0,1.0,0.72164909384845,1.0
76.0,1.0,150.4201578851194,391.85716324318156,6.683994271336502,0.4207003038119207,0.34474586660384315,0.5900787765285385,832.2679153819533,6.077702711217853,1.0,1.0,0.7239481736615175,1.0
78.0,1.0,147.71000404687572,380.6359734430082,6.683390469598347,0.4300375588844674,0.338129128961319,0.55928930459181,806.3830446893259,6.0797495738327845,1.0,1.0,0.7262163582085466,1.0
80.0,1.0,145.1188690331983,369.5911196865298,6.6832468242230965,0.4391415277790119,0.3317981444136436,0.5302008567094016,781.1661856913878,6.082185521565304,1.0,1.0,0.728454174962156,1.0
82.0,1.0,142.6357995079569,358.7287526634604,6.683540166898289,0.448039259222195,0.3257287662786506,0.5027307259676435,756.5746669374691,6.085064792541422,1.0,1.0,0.7306644963352669,1.0
84.0,1.0,140.26724129243095,348.08341738538155,6.684329292125345,0.4567028406984775,0.31993865548263684,0.476965205083127,732.6777148303423,6.08842219720513,1.0,1.0,0.7328465322956312,1.0
86.0,1.0,137.99829766660125,337.64662458153776,6.685588923112485,0.4651721758267436,0.3143929844409591,0.4527434084106301,709.4015491809155,6.092320310143044,1.0,1.0,0.7350054344918151,1.0
88.0,1.0,135.82412301047071,327.4239060808327,6.687337253205162,0.4734553430563254,0.3090808795865456,0.4300052638628816,686.737692054638,6.096812449640689,1.0,1.0,0.7371441507787995,1.0
90.0,1.0,133.73890601487392,317.4169617472628,6.689592535348175,0.48156411671428623,0.30398882102001346,0.4086724747544981,664.6686450743659,6.101955747723206,1.0,1.0,0.739266271784513,1.0
92.0,1.0,131.74556234149725,307.64799484140013,6.6924313623684455,0.4894832604743371,0.299124668107141,0.3887421578634431,643.2324559188131,6.107783293410533,1.0,1.0,0.7413743904301565,1.0
94.0,1.0,129.8362606380215,298.1110951889856,6.695872062567886,0.49723166352775366,0.2944694413970798,0.3701045730694396,622.3960403424295,6.114352523428223,1.0,1.0,0.7434734413838751,1.0
96.0,1.0,128.00410653968322,288.7992119241617,6.69993141817521,0.5048256773119365,0.29000624496825017,0.3526603184608861,602.1312076845408,6.1217231350406776,1.0,1.0,0.7455679380573186,1.0
98.0,1.0,126.24858070177714,279.7226539837063,6.7046797937155755,0.5122623195621104,0.28573390827017187,0.3363654057944673,582.4498511611882,6.129929854331794,1.0,1.0,0.7476622724252749,1.0
100.0,1.0,124.56022756600703,270.86230504346867,6.710101788078046,0.519566799092091,0.281628900429289,0.3211004878258159,563.3045063351091,6.139047224883504,1.0,1.0,0.7497606077131581,1.0
102.0,1.0,122.94326903870007,262.242288330877,6.716321260165767,0.5267223705244931,0.2777016777899362,0.30686046455938837,544.7359966669931,6.149078291306101,1.0,1.0,0.7518681183825199,1.0
104.0,1.0,121.38961366448592,253.84544486482775,6.723333110644603,0.5337509320121616,0.2739319611193529,0.29354052732438984,526.7033989612084,6.16008879874003,1.0,1.0,0.7539889547617028,1.0
106.0,1.0,119.89792030731348,245.67579114674263,6.731200479325199,0.5406537356185016,0.27031624620607086,0.2810922665341575,509.2091825475892,6.172103264371216,1.0,1.0,0.7561277245350642,1.0
108.0,1.0,118.46383662796235,237.72588051193677,6.739946113771287,0.5474417250106022,0.26684350901561005,0.269446056453314,492.23464237242433,6.185165044594469,1.0,1.0,0.7582882392295304,1.0
110.0,1.0,117.08473137707423,229.9934556844553,6.749609858540989,0.5541207976967701,0.2635069957963839,0.25854786183373846,475.77143550501796,6.199302954412368,1.0,1.0,0.7604743880588641,1.0
112.0,1.0,115.75813556780544,222.4761110026818,6.760229608675928,0.5606965769352293,0.2603003498380812,0.2483469826201243,459.81130465008016,6.214540825874777,1.0,1.0,0.7626898226904604,1.0
114.0,1.0,114.4817336100122,215.17131000744646,6.77184085707895,0.5671743831847758,0.25721759378065434,0.23879599955443273,444.3460625209878,6.230897121712021,1.0,1.0,0.7649379221827756,1.0
116.0,1.0,113.25981704666452,208.10554472033144,6.784624453109167,0.5735399573998508,0.2542689929617251,0.22989438861646924,429.41310716422925,6.248289850589223,1.0,1.0,0.7672272055577927,1.0
118.0,1.0,112.07886722667715,201.22554207315133,6.798360818622294,0.5798323179711997,0.2514210072520866,0.2215222338707304,414.9239590162595,6.266881730071812,1.0,1.0,0.7695515494788141,1.0
120.0,1.0,110.93947942840246,194.53808549176424,6.813112500895297,0.586048033534549,0.24867491883252987,0.2136593439840191,400.88723584981676,6.286651754372808,1.0,1.0,0.7719142177024905,1.0
122.0,1.0,109.84089223140118,188.04423372864713,6.828915793894784,0.5921878723348841,0.24602865416460393,0.2062775240352567,387.30150028853257,6.307586884382894,1.0,1.0,0.7743175607089142,1.0
124.0,1.0,108.79306725354292,181.79937491634158,6.846124129954047,0.5982211289777477,0.24350620069562315,0.19941731321061243,374.24354510790005,6.329432776747922,1.0,1.0,0.7767767572945369,1.0
126.0,1.0,107.78144622114921,175.7375347098491,6.864397763056172,0.6041890689683874,0.24107178088537193,0.19296472247262383,361.61105158786347,6.352416276676564,1.0,1.0,0.779278822933333,1.0
128.0,1.0,106.80489821379668,169.85624686435918,6.8837394775883345,0.6100931587932766,0.23872247800295304,0.18689433942596936,349.39737736659004,6.376518280730548,1.0,1.0,0.7818239937528854,1.0
130.0,1.0,105.862971306368,164.15649495588116,6.904170877406523,0.6159327861665294,0.2364570230704743,0.1811861687245483,337.6003319161829,6.401695495379385,1.0,1.0,0.7844131450189321,1.0
132.0,1.0,104.95871877106147,158.65813996000554,6.925827142238733,0.6216966446535321,0.23428260680965837,0.17584158041398681,326.2434672851278,6.42778911882678,1.0,1.0,0.7870516076914194,1.0
134.0,1.0,104.09122760504707,153.3613692285437,6.948722744025428,0.6273844800656811,0.23219674700816237,0.17083927292341555,315.3212869476247,6.454723952078761,1.0,1.0,0.7897391775006513,1.0
136.0,1.0,103.2497837059254,148.20935031869746,6.972509111234833,0.6330262184852375,0.23017352648565817,0.16610330459863648,304.75165541768604,6.482756826214029,1.0,1.0,0.7924612126798969,1.0
138.0,1.0,102.43939152444953,143.2316715979322,6.997369084596805,0.6386040419667739,0.22822488065216942,0.16164975356614306,294.5709405190301,6.511651850391716,1.0,1.0,0.7952243401238381,1.0
140.0,1.0,101.66714963087755,138.47262884034728,7.02356340567484,0.6440908623821064,0.22636760224052238,0.1575052255417809,284.8329890630445,6.541027569361536,1.0,1.0,0.7980364062983885,1.0
142.0,1.0,100.91820877762031,133.84894677585729,7.0505708019542475,0.6495305845997575,0.22456602091867384,0.1535764470346931,275.42153685781426,6.571341769136992,1.0,1.0,0.8008763883627932,1.0
144.0,1.0,100.19263009961209,129.36151983646735,7.078392843915517,0.6549209184718332,0.22282025108384065,0.1498546202725554,266.33373343994134,6.602526338925216,1.0,1.0,0.8037438191159896,1.0
146.0,1.0,99.502198936459,125.0819306258486,7.107420105922194,0.6602159816087841,0.22115827688779727,0.1463923900850054,257.6582325687378,6.633945914939932,1.0,1.0,0.8066487764030122,1.0
148.0,1.0,98.83512391425933,120.94183450859026,7.137227467574198,0.6654520909886162,0.21955190234170655,0.1431185146283656,249.3003958505248,6.6660104841595045,1.0,1.0,0.8095750610920464,1.0
150.0,1.0,98.1940857858181,116.9582035681693,7.167880539119445,0.6706148427564361,0.2180074502536374,0.1400387923349882,241.2771897619271,6.698482580377813,1.0,1.0,0.8125220353144798,1.0
152.0,1.0,97.57862300952658,113.12925481116142,7.1993289356958705,0.6757003126318158,0.2165237623753531,0.1371430537204544,233.58100674834373,6.731261552192538,1.0,1.0,0.8154849297264439,1.0
154.0,1.0,96.98726468877967,109.44683358840332,7.2314860348912635,0.6807084919655305,0.21509729866082816,0.1344167702530364,226.19614936611765,6.764302743991232,1.0,1.0,0.8184580399183143,1.0
156.0,1.0,96.4187741085255,105.90393539668364,7.264271777558246,0.6856387542970898,0.2137250927204622,0.13184735561034275,219.1085309601991,6.797556327170771,1.0,1.0,0.8214359865918953,1.0
158.0,1.0,95.875335546252,102.51431843949177,7.297685535981715,0.6904744886090215,0.21241230338630493,0.129438997167615,212.33027312013667,6.830761528383165,1.0,1.0,0.8244130236552478,1.0
160.0,1.0,95.35094477124761,99.24143208786263,7.331528686096181,0.6952375617842598,0.21114468204839307,0.1271576822996658,205.81022787339248,6.86417341701677,1.0,1.0,0.8273841123598034,1.0
162.0,1.0,94.8475651136265,96.09738426999212,7.3657956793950135,0.6999129143189481,0.20992688416479513,0.12500769861798047,199.55865952311896,6.897556056490671,1.0,1.0,0.8303438757037734,1.0
164.0,1.0,94.3645176047411,93.07798997113026,7.400412645125122,0.704497631228439,0.2087573077903276,0.12298116204155371,193.56537242617634,6.9308385412570495,1.0,1.0,0.8332868174823926,1.0
166.0,1.0,93.90113981714521,90.17907345500116,7.435305418760992,0.7089888455451842,0.2076343973785653,0.12107068352289853,187.82029309404084,6.9639529972587395,1.0,1.0,0.8362074985019091,1.0
168.0,1.0,93.45678415336194,87.39647835710336,7.470400174607859,0.7133837854979435,0.20655663841757618,0.11926933185374858,182.31349243903702,6.996835122330147,1.0,1.0,0.8391005877015496,1.0
170.0,1.0,93.03081728715391,84.72607612218027,7.505623941496186,0.7176798124268255,0.20552255541998082,0.1175706014718999,177.0352090918787,7.029424639676448,1.0,1.0,0.8419609050734281,1.0
172.0,1.0,92.6226196794647,82.1637745343906,7.540905120739048,0.7218744566058111,0.2045307100489354,0.11596838380919378,171.9758709835551,7.06166571072481,1.0,1.0,0.8447834636827274,1.0
174.0,1.0,92.23229256740647,79.70979014829062,7.576168939207399,0.7259603449705004,0.20358138506894874,0.11445985618460817,167.1313819088805,7.093447403824237,1.0,1.0,0.8475614361816048,1.0
176.0,1.0,91.85704654532053,77.34692563590886,7.6113674197771015,0.7299515379141698,0.20266797410047727,0.11303060041826173,162.4762127077592,7.1249098543363605,1.0,1.0,0.8502970828596456,1.0
178.0,1.0,91.50083667468515,75.09844752508783,7.646382582770171,0.7338119767216938,0.20179996267941358,0.11169394131778243,158.0350524279461,7.155617512022326,1.0,1.0,0.8529711390089123,1.0
180.0,1.0,91.15451046106013,72.90914700732736,7.681270058640168,0.737606297920357,0.20095554586664308,0.11041073495788012,153.73638502937436,7.186302752824544,1.0,1.0,0.8556096120307081,1.0
