intervention,label,intervention_type,direction_definition,challenge,modulation_fraction,native_parameter_value,simulation_status,hypo_burden_mgdl_min,hyper_burden_mgdl_min,abs_dev_from_target_mgdl_min,glucose_auc_mgdl_min,glucose_sd_mgdl,glucose_rmsd_mgdl,glucose_peak_mgdl,glucose_nadir_mgdl,recovery_time_min,undershoot_mgdl,insulin_auc_muL_min,glucagon_auc_pM_min,mean_glucose_mgdl,mean_insulin_muL,mean_glucagon_pM,composite_loss
glucagon_secretion,Alpha-cell glucagon secretion capacity,potentiation,"u:0=none,1=max",ivgtt,0.8,2.6,ok,1586.7269426729454,2166.723175952282,7975.763496023676,15199.441744710259,63.86863133779476,7.9100047131970435,412.61024579625405,41.969712434176444,110.5,49.84317205568263,22576.98306257275,9028.245438240609,84.6765556808371,125.77706441544709,50.29663196791425,217.19258556306434
glucagon_secretion,Alpha-cell glucagon secretion capacity,potentiation,"u:0=none,1=max",ivgtt,0.81,2.62,ok,1586.5138449469587,2166.8588124025546,7975.6218072161955,15199.81335582258,63.87075072578924,7.910047810390372,412.6299309380686,41.974747698121746,110.5,49.862072196817834,22579.208328349854,9096.406803653812,84.67862593773025,125.78946143927496,50.67636102314101,217.17425702291862
glucagon_secretion,Alpha-cell glucagon secretion capacity,potentiation,"u:0=none,1=max",ivgtt,0.8200000000000001,2.64,ok,1586.3253297051665,2166.997677675791,7975.5405283036725,15200.183677721707,63.873007775410336,7.910031231788999,412.6495241355306,41.979601489650506,110.5,49.881025300418315,22581.4691831227,9164.589419533759,84.6806890123772,125.80205673048857,51.05620846536913,217.15819589706913
glucagon_secretion,Alpha-cell glucagon secretion capacity,potentiation,"u:0=none,1=max",ivgtt,0.8300000000000001,2.66,ok,1586.149688704637,2167.1693679376513,7985.24373063905,15235.897795733275,63.79133378587275,7.8990189465648974,412.6690117399515,41.98424715813597,111.0,49.9000607699156,22592.38229515828,9255.810148454082,84.64387664296264,125.51323497310156,51.421167491411566,217.08066290471643
glucagon_secretion,Alpha-cell glucagon secretion capacity,potentiation,"u:0=none,1=max",ivgtt,0.8400000000000001,2.68,ok,1585.9887602841773,2167.283085297016,7975.4260513682575,15200.897845914686,63.87767957840662,7.910069936918111,412.68838798808196,41.98883838797144,110.99999999999999,49.919026112553055,22585.924936610158,9301.159681784868,84.6846676652629,125.8268798696945,51.8170455809742,217.13255861818408
glucagon_secretion,Alpha-cell glucagon secretion capacity,potentiation,"u:0=none,1=max",ivgtt,0.8500000000000001,2.7,ok,1585.8492947125785,2167.412507230767,7975.387766413766,15201.206527810795,63.87982353829591,7.9100417486580215,412.7076754079908,41.993095097759344,111.0,49.93820367124892,22588.09031049474,9369.530509100514,84.68638734156431,125.83894323395398,52.19794155487752,217.12132651995947
glucagon_secretion,Alpha-cell glucagon secretion capacity,potentiation,"u:0=none,1=max",ivgtt,0.86,2.7199999999999998,ok,1585.730431825976,2167.5668919085115,7975.407604569793,15201.494272830525,63.882445846147604,7.910096355707941,412.72685777038464,41.997246097434484,111.0,49.95736582646438,22590.216753012734,9437.922369160322,84.68799037788594,125.85078971037734,52.57895470284302,217.1126662611361
glucagon_secretion,Alpha-cell glucagon secretion capacity,potentiation,"u:0=none,1=max",ivgtt,0.87,2.74,ok,1585.6273371776167,2167.706830839626,7975.397960053295,15201.789396583565,63.88489824434218,7.910114837660645,412.74593248963737,42.001112969678125,111.49999999999999,49.97669294570232,22592.503288701897,9506.371350744288,84.68963452135692,125.86352807076268,52.96028607656986,217.10745992197036
glucagon_secretion,Alpha-cell glucagon secretion capacity,potentiation,"u:0=none,1=max",ivgtt,0.88,2.76,ok,1585.5356739977974,2167.8420663712322,7975.412612932995,15202.04573080245,63.887269383912795,7.910074636134747,412.76492002060144,42.004984218405795,111.5,49.99589738713044,22594.598947041617,9574.877719194992,84.69106256714457,125.87520304758561,53.34193715428965,217.10103397797826
glucagon_secretion,Alpha-cell glucagon secretion capacity,potentiation,"u:0=none,1=max",ivgtt,0.89,2.7800000000000002,ok,1585.4747558547338,2167.9935290029243,7975.4654992642845,15202.24715183756,63.889925297146945,7.910047618088046,412.783816769251,42.008596136912686,111.5,50.01524417886699,22596.514598641686,9643.419375470809,84.69218468990285,125.88587520134644,53.723784821564394,217.09786093128722
glucagon_secretion,Alpha-cell glucagon secretion capacity,potentiation,"u:0=none,1=max",ivgtt,0.9,2.8,ok,1585.3969784996236,2168.1296243674115,7975.523226279472,15202.564593672521,63.892289517815726,7.910083145642319,412.8026033267839,42.011892390067075,112.0,50.03479200576888,22598.92566524112,9712.056041778897,84.69395316809204,125.89930732724858,54.106161792640094,217.09524529550595
glucagon_secretion,Alpha-cell glucagon secretion capacity,potentiation,"u:0=none,1=max",ivgtt,0.91,2.8200000000000003,ok,1585.3678939553597,2168.27088993278,7975.594539775604,15202.740242641758,63.89488476059037,7.910097636751335,412.821331742534,42.01510998449592,112.0,50.054305258909466,22600.937772988324,9780.682807761681,84.69493171388166,125.91051684116057,54.48848360870017,217.09539788082958
glucagon_secretion,Alpha-cell glucagon secretion capacity,potentiation,"u:0=none,1=max",ivgtt,0.92,2.84,ok,1585.3388394392828,2168.439125726136,7975.711731625053,15202.97531169421,63.897786282913316,7.9100535662324685,412.8399287316107,42.018237396282444,111.99999999999999,50.07379593711052,22603.260616690808,9849.398208486147,84.69624129077556,125.92345747460062,54.871299211622,217.09546164098523
glucagon_secretion,Alpha-cell glucagon secretion capacity,potentiation,"u:0=none,1=max",ivgtt,0.93,2.8600000000000003,ok,1585.3220016602386,2168.5485550191033,7975.775435826769,15203.130037620234,63.90008407050362,7.910159640460568,412.8584167777952,42.021314991113286,112.0,50.09322554558962,22605.04275298291,9918.142964313487,84.69710327365033,125.93338581048975,55.25427835272138,217.09704253508096
glucagon_secretion,Alpha-cell glucagon secretion capacity,potentiation,"u:0=none,1=max",ivgtt,0.9400000000000001,2.88,ok,1585.3282759789163,2168.693864840313,7975.8871141919335,15203.318412589964,63.902723909340985,7.910121822026834,412.87682617440083,42.023909450183695,112.5,50.113029432023836,22607.24184607036,9986.931212727748,84.69815271637863,125.94563702546161,55.63749979235514,217.1026559064714
glucagon_secretion,Alpha-cell glucagon secretion capacity,potentiation,"u:0=none,1=max",ivgtt,0.95,2.9,ok,1585.3464790841026,2168.8459437196857,7976.057934330836,15203.508521647012,63.905722780920335,7.910010579853085,412.8951919071208,42.02670135784858,112.5,50.13252628968942,22609.239509292292,10055.781226713832,84.69921181976052,125.95676606848073,56.02106532988208,217.10716074449056
glucagon_secretion,Alpha-cell glucagon secretion capacity,potentiation,"u:0=none,1=max",ivgtt,0.96,2.92,ok,1585.3744177857002,2168.981181733986,7976.211259235371,15203.645261700682,63.90829654577009,7.910091982970587,412.9134373444029,42.029072509577865,112.5,50.15233717960847,22611.29407026928,10124.658039240341,84.69997360278931,125.96821209063665,56.40478016289884,217.11329287935743
glucagon_secretion,Alpha-cell glucagon secretion capacity,potentiation,"u:0=none,1=max",ivgtt,0.97,2.94,ok,1585.415073863684,2169.103278002474,7976.325103653136,15203.736055278758,63.91072196632915,7.9101259380139295,412.9316040186863,42.03142730378374,112.49999999999999,50.17205776226559,22613.213036608973,10193.584674653277,84.70047941659476,125.97890271091352,56.7887725607425,217.12042775042875
glucagon_secretion,Alpha-cell glucagon secretion capacity,potentiation,"u:0=none,1=max",ivgtt,0.98,2.96,ok,1585.4713578722483,2169.255182068774,7976.530105488673,15203.87996456967,63.91370757315401,7.910173292889207,412.9496423885472,42.033662645260144,113.0,50.191793689416734,22615.314642187237,10262.568348775312,84.7012811396639,125.99061081998461,57.173082722982244,217.13147885103402
glucagon_secretion,Alpha-cell glucagon secretion capacity,potentiation,"u:0=none,1=max",ivgtt,0.99,2.98,ok,1585.540468296782,2169.394779460873,7986.391838032916,15239.298788886583,63.832109882360804,7.8990965714428025,412.967601278758,42.03580479331821,113.0,50.21151756322467,22625.666034781545,10357.170875518,84.66277104936991,125.69814463767526,57.539838197322226,217.07608873700082
glucagon_secretion,Alpha-cell glucagon secretion capacity,potentiation,"u:0=none,1=max",ivgtt,1.0,3.0,ok,1585.6144069030418,2169.539650201889,7976.893834366437,15204.074778537124,63.919291467739356,7.910059184812897,412.98552420205533,42.037730013605476,112.99999999999999,50.23135626683966,22619.160343057603,10400.645506725132,84.70236645424583,126.01203533736829,57.94231480069712,217.15149046636986
insulin_signal_global_inhibition,Insulin signalling inhibition,inhibition,"u:0=none,1=max",ivgtt,0.6,0.4,ok,128.63928694184352,3317.4057312056457,7906.766424967713,19351.469036344664,69.76639687150279,7.807241069191284,412.95950074645515,64.96542789917218,42.0,24.123386328405815,28982.66115054704,2126.2698763422313,107.80762694342431,161.4632933178108,11.845514631433044,72.47472798523188
insulin_signal_global_inhibition,Insulin signalling inhibition,inhibition,"u:0=none,1=max",ivgtt,0.61,0.39,ok,110.55806972773857,3354.2132846166196,7926.3900724873565,19464.666034310798,69.9186499452306,7.8054187957485865,413.0032140553209,65.4198879988279,42.49999999999999,23.668677591103787,29227.89398089774,2101.544781969944,108.43825088752536,162.82949292979245,11.707770373091611,70.74648576387754
insulin_signal_global_inhibition,Insulin signalling inhibition,inhibition,"u:0=none,1=max",ivgtt,0.62,0.38,ok,93.4804920582387,3392.0499895610383,7947.758486056766,19580.36854481038,70.07234156911674,7.803481725165477,413.0469408351192,65.87566918211117,43.0,23.212645894015097,29482.35051526774,2076.9220382379417,109.08283311872077,164.24707807948602,11.570596313303296,69.12096704445842
insulin_signal_global_inhibition,Insulin signalling inhibition,inhibition,"u:0=none,1=max",ivgtt,0.63,0.37,ok,77.41387102554738,3431.0792508185837,7970.811508888035,19698.8442005813,70.22830576443188,7.801664560000357,413.0907230660013,66.33313414134885,43.5,22.754928326770994,29747.885272307594,2052.402694779107,109.74286462719388,165.72638034711753,11.433998299605054,67.6004267823955
insulin_signal_global_inhibition,Insulin signalling inhibition,inhibition,"u:0=none,1=max",ivgtt,0.64,0.36,ok,62.48519281748144,3471.365672187306,7995.733867465778,19820.19452527239,70.38649375275537,7.799591289435344,413.13448692116253,66.79299949315651,44.0,22.294807548356076,30024.671633282604,2027.97266428594,110.418911004303,167.26836564502844,11.297897851175154,66.19613747135834
insulin_signal_global_inhibition,Insulin signalling inhibition,inhibition,"u:0=none,1=max",ivgtt,0.6499999999999999,0.3500000000000001,ok,48.783517867959056,3512.956317433149,8022.6882027049905,19944.57305838705,70.54657951740934,7.797675205800987,413.1783113518116,67.25602362407203,44.5,21.831525271505,30313.631108975365,2003.632068418216,111.11182762332618,168.87816773802433,11.162295645783933,64.91862049368245
insulin_signal_global_inhibition,Insulin signalling inhibition,inhibition,"u:0=none,1=max",ivgtt,0.6599999999999999,0.3400000000000001,ok,36.413831272355466,3555.8810810133373,8051.5913130078225,20072.091226904922,70.70810977345873,7.795874722466692,413.2221674831465,67.71817187703537,45.5,21.369116260087324,30615.353504935145,1979.3808483447244,111.82223524738119,170.55907245089216,11.027191355680916,63.78065741658451
insulin_signal_global_inhibition,Insulin signalling inhibition,inhibition,"u:0=none,1=max",ivgtt,0.6699999999999999,0.33000000000000007,ok,25.52287937413565,3600.244688991491,8082.700091096425,20202.9049215767,70.87147738558224,7.793813065977119,413.26602508326425,68.1850587880678,46.0,20.901966339890038,30930.5018704007,1955.1997134615626,112.55100234861672,172.31477365125738,10.892477512320683,62.79104904106844
insulin_signal_global_inhibition,Insulin signalling inhibition,inhibition,"u:0=none,1=max",ivgtt,0.6799999999999999,0.32000000000000006,ok,16.153976011776578,3646.090712307554,8116.0872861883,20337.412358503698,71.03610868126806,7.791962723148008,413.30989818602984,68.65231523815476,46.5,20.43444363444526,31260.759020857233,1931.1138326732023,113.3003474011348,174.1546463557506,10.758294332441238,61.95850573556362
insulin_signal_global_inhibition,Insulin signalling inhibition,inhibition,"u:0=none,1=max",ivgtt,0.69,0.31000000000000005,ok,8.426513262982773,3693.497169693176,8151.808277846518,20475.50968192408,71.2020360042567,7.790041326883212,413.35380949434443,69.12234619711728,47.49999999999999,19.96414307085422,31606.26643094721,1907.0943583758842,114.06969182130408,176.0794787239399,10.62448110515813,61.29588346198114
insulin_signal_global_inhibition,Insulin signalling inhibition,inhibition,"u:0=none,1=max",ivgtt,0.7,0.30000000000000004,ok,2.630681964171373,3742.6536504413225,8190.164968146284,20617.585201580245,71.36893631114988,7.787978449156014,413.3977453866592,69.59506546351928,48.0,19.491151636506174,31968.489902528003,1883.1540838116077,114.86119889459746,178.0974367828858,10.491109102014528,60.82815777644351
insulin_signal_global_inhibition,Insulin signalling inhibition,inhibition,"u:0=none,1=max",ivgtt,0.71,0.29000000000000004,ok,0.0,3793.6336938049426,8231.181684193614,20763.944765040877,71.53692258032682,7.786003389560263,413.44171659579604,70.0705479381813,48.99999999999999,19.015393370468445,32348.78514920437,1859.3027155607072,115.67657250719154,180.21607325462048,10.358232398666894,60.68397154699073
insulin_signal_global_inhibition,Insulin signalling inhibition,inhibition,"u:0=none,1=max",ivgtt,0.72,0.28,ok,0.0,3846.3723042420215,8275.038122379068,20914.74799164912,71.70493246335782,7.7841307647159015,413.4856889808855,70.54930008391193,49.5,18.536362059717717,32748.38223055798,1835.5406206622265,116.51670190333772,182.44224083876313,10.225853039900983,60.80529359948811
insulin_signal_global_inhibition,Insulin signalling inhibition,inhibition,"u:0=none,1=max",ivgtt,0.73,0.27,ok,0.0,3901.11606166277,8321.946018624549,21070.20793339705,71.87359491912343,7.782052052872812,413.5296935562341,71.02952908666602,50.5,18.055850159494824,33168.35315474328,1811.8632903118419,117.38277400221197,184.7819117255893,10.09394590702976,60.93294339321488
insulin_signal_global_inhibition,Insulin signalling inhibition,inhibition,"u:0=none,1=max",ivgtt,0.74,0.26,ok,0.0,3958.0297911203306,8372.16481915087,21230.782760538972,72.04151139002514,7.780106767832907,413.5737261569724,71.51418228534642,51.5,17.570910525852668,33610.78478183447,1788.3028812680122,118.27734128433968,187.24671187651515,9.9626901463399,61.065967554041855
insulin_signal_global_inhibition,Insulin signalling inhibition,inhibition,"u:0=none,1=max",ivgtt,0.75,0.25,ok,0.0,4017.021500234393,8425.67944786154,21396.54005645457,72.20885012084385,7.778143535587872,413.61777082855815,72.00116616219516,52.49999999999999,17.08363575822878,34077.32016564307,1764.8517384343186,119.20078025879985,189.84579479466893,9.832043111054702,61.20378520712822
insulin_signal_global_inhibition,Insulin signalling inhibition,inhibition,"u:0=none,1=max",ivgtt,0.76,0.24,ok,0.0,4078.5260239441855,8482.991032081336,21567.979774236377,72.3751108141527,7.776137500234097,413.66184322037606,72.49189858589224,53.0,16.592608656577028,34568.58275785047,1741.5322159296907,120.15587617958984,192.58263374847058,9.70212933665566,61.34503515031905
insulin_signal_global_inhibition,Insulin signalling inhibition,inhibition,"u:0=none,1=max",ivgtt,0.77,0.22999999999999998,ok,0.0,4142.425864176221,8544.348923235357,21745.56550742812,72.53945197802324,7.774037294216997,413.7059443700442,72.98553297217121,53.99999999999999,16.098674599458406,35088.24537502655,1718.3716381935262,121.14521174054666,195.47769011156853,9.573101048431903,61.49326636360237
insulin_signal_global_inhibition,Insulin signalling inhibition,inhibition,"u:0=none,1=max",ivgtt,0.7799999999999999,0.22000000000000008,ok,0.0,4209.048476288069,8616.533366790032,21967.84712035523,72.63941241178506,7.761161851159655,413.750071768092,73.48340309853846,55.5,15.600500211719606,35648.34873070759,1701.3741170773715,122.0435951130846,198.0463818372644,9.452078428207619,61.59085266634982
insulin_signal_global_inhibition,Insulin signalling inhibition,inhibition,"u:0=none,1=max",ivgtt,0.7899999999999999,0.21000000000000008,ok,0.0,4278.513335276171,8686.55224130944,22158.5783217528,72.79949679069688,7.759190079650771,413.79419363312405,73.98489799137816,56.49999999999999,15.098696182790206,36230.094901677425,1678.4811700012147,123.1032128986267,201.27830500931907,9.324895388895639,61.751783316663435
insulin_signal_global_inhibition,Insulin signalling inhibition,inhibition,"u:0=none,1=max",ivgtt,0.7999999999999999,0.20000000000000007,ok,0.0,4350.979958287979,8755.252549133507,22318.185159183653,73.01451704006092,7.768015543019407,413.83835800132937,74.49074765214652,57.5,14.59253164415091,36836.11886604405,1649.969012585774,124.33529336592564,205.2151468860393,9.192027925268937,61.97675004263505
insulin_secretion_inhibition,Beta-cell secretion impairment,inhibition,"u:0=none,1=max",ivgtt,0.75,0.25,ok,0.0,2553.505549697673,5266.155004705788,18947.495388368905,61.72509942170665,7.923739101431585,424.71165344801534,70.08605453410892,26.0,28.621684766545386,7633.446534203481,2181.1371116532887,105.55707737252872,42.52616453595254,12.151181680519715,56.49721792986122
insulin_secretion_inhibition,Beta-cell secretion impairment,inhibition,"u:0=none,1=max",ivgtt,0.76,0.24,ok,0.0,2572.9241080565284,5178.340704032835,19110.778550175954,61.658276504167084,7.920597773202256,425.0430424302415,71.38704168408776,26.0,27.576226440914922,7412.086805730728,2149.296409343928,106.46673287006102,41.29296270602077,11.973796152333861,56.411483504301295
insulin_secretion_inhibition,Beta-cell secretion impairment,inhibition,"u:0=none,1=max",ivgtt,0.77,0.22999999999999998,ok,0.0,2594.561370481941,5097.931720697269,19285.206524593224,61.59456545204175,7.917158281389999,425.37864040681285,72.7659642444363,26.0,26.45716282261789,7190.461190427052,2117.8584905946136,107.43847646012938,40.05827961240698,11.798654543702582,56.323520358411656
insulin_secretion_inhibition,Beta-cell secretion impairment,inhibition,"u:0=none,1=max",ivgtt,0.78,0.21999999999999997,ok,0.0,2618.7671324963576,5027.384212574899,19472.181849250162,61.53708317396827,7.913585154948203,425.71841949663985,74.23107752669773,26.5,25.25611088361414,6968.833854405571,2086.96915101635,108.48012172284213,38.823586932621566,11.626569086442062,56.23688598003001
insulin_secretion_inhibition,Beta-cell secretion impairment,inhibition,"u:0=none,1=max",ivgtt,0.79,0.20999999999999996,ok,0.0,2645.910045609493,4970.324041458919,19673.400126268574,61.489470991941516,7.909687574553718,426.06227087947366,75.78322787687364,26.5,23.972062829415265,6747.49389970113,2056.779220202393,109.60111490957424,37.590495262958946,11.458380056837843,56.148382283778375
insulin_secretion_inhibition,Beta-cell secretion impairment,inhibition,"u:0=none,1=max",ivgtt,0.8,0.19999999999999996,ok,0.0,2677.383382789493,4931.5491628542095,19890.981035588382,61.45716976159904,7.905324758583792,426.4100881645623,77.43058430991559,26.5,22.596668456323854,6526.932820174019,2027.467973143818,110.8132648222194,36.36174273077448,11.295086201358318,56.063538954963484
insulin_secretion_inhibition,Beta-cell secretion impairment,inhibition,"u:0=none,1=max",ivgtt,0.8099999999999999,0.19000000000000006,ok,0.0,2713.7848631111983,4917.599365185177,20127.400960184867,61.447384265571124,7.900654320032064,426.76170304857703,79.1692206350967,26.999999999999996,21.133644178521152,6307.667835796004,1999.2050378706545,112.13036746621097,35.14021078437886,11.137632522956293,55.988738061181316
insulin_secretion_inhibition,Beta-cell secretion impairment,inhibition,"u:0=none,1=max",ivgtt,0.82,0.18000000000000005,ok,0.0,2757.248870193259,4936.849421192426,20385.62300579938,61.470651018378284,7.8954841003221965,427.1169666194055,80.99524657807747,27.5,19.58664289484244,6090.377862466001,1972.1600097902992,113.56893039442552,33.929681685047356,10.986963842842894,55.92946448324888
insulin_secretion_inhibition,Beta-cell secretion impairment,inhibition,"u:0=none,1=max",ivgtt,0.83,0.17000000000000004,ok,0.0,2809.685247284601,5000.296766390552,20669.40816794683,61.54085958183967,7.889594886033049,427.47563848189327,82.89551496981608,28.0,17.968557788507724,5875.948929660486,1946.4927213632036,115.14990622811604,32.735091530141986,10.843970592552667,55.89437956299461
insulin_secretion_inhibition,Beta-cell secretion impairment,inhibition,"u:0=none,1=max",ivgtt,0.84,0.16000000000000003,ok,0.0,2874.4398085539856,5121.490116245715,20983.33328508139,61.677829430889105,7.883074498288818,427.83753626637844,84.84494478297583,28.5,16.30417295286783,5665.482513241745,1922.3323320579045,116.89879267454813,31.56257667544148,10.709372323442365,55.89963468746381
insulin_secretion_inhibition,Beta-cell secretion impairment,inhibition,"u:0=none,1=max",ivgtt,0.85,0.15000000000000002,ok,0.0,2955.7078585229474,5315.857011098204,21332.786413336915,61.90570392453757,7.8756396116230105,428.2023465287615,86.80589644696732,29.5,14.63082453309788,5460.164841418893,1899.7526483818008,118.84560675953713,30.418745634645642,10.583580213826188,55.96644002535868
insulin_secretion_inhibition,Beta-cell secretion impairment,inhibition,"u:0=none,1=max",ivgtt,0.86,0.14,ok,0.0,3059.783477000887,5601.990556264707,21724.356239155175,62.257459410419344,7.867213490919931,428.5698284598914,88.72994312337224,31.0,12.996605273653643,5261.2632725330295,1878.7720413989043,121.0270542571319,29.31065889990546,10.466696609464648,56.123279744058145
insulin_secretion_inhibition,Beta-cell secretion impairment,inhibition,"u:0=none,1=max",ivgtt,0.87,0.13,ok,0.0,3194.6201184725287,6010.515607246818,22165.51560724682,62.769677913057265,7.857732691737816,428.9396780097906,90.56400464618231,33.0,11.454244819478163,5069.721373443569,1859.305702992615,123.48476661418842,28.243573111106233,10.358249041741587,56.40420400322693
insulin_secretion_inhibition,Beta-cell secretion impairment,inhibition,"u:0=none,1=max",ivgtt,0.88,0.12,ok,0.0,3370.8132926365834,6509.897150796892,22664.89715079689,63.48098432135902,7.847226866211957,429.3115233211997,92.27402841482224,35.5,10.037428452733195,4885.764920449699,1841.2474004125174,126.2668364946902,27.21874607492869,10.2576456847494,56.84884531682687
insulin_secretion_inhibition,Beta-cell secretion impairment,inhibition,"u:0=none,1=max",ivgtt,0.89,0.10999999999999999,ok,0.0,3599.8835390593285,7076.022820179492,23231.02282017949,64.41993818250806,7.835954343944627,429.685077582397,93.8718934709315,38.5,8.733897677222188,4707.922236119988,1824.4839044719756,129.42073994528963,26.227979031309125,10.16425573521992,57.49294937051795
insulin_secretion_inhibition,Beta-cell secretion impairment,inhibition,"u:0=none,1=max",ivgtt,0.8999999999999999,0.10000000000000009,ok,0.0,3891.5858047360134,7722.794500242373,23922.794500242373,65.51558337479064,7.813460607121848,430.05997672756916,95.42126279407036,42.5,7.479599369109366,4536.935007127331,1814.6781458689934,132.90441389023542,25.205194484040728,10.081545254827741,58.297029709714195
insulin_secretion_inhibition,Beta-cell secretion impairment,inhibition,"u:0=none,1=max",ivgtt,0.9099999999999999,0.09000000000000008,ok,0.0,4248.867704263221,8430.739372415454,24585.739372415454,66.94935387530136,7.813298621570802,430.43589923835845,97.03783720897482,46.5,6.158443549119724,4350.072324610195,1795.331905064128,136.967907367217,24.23438620952755,10.00184905328205,59.432193603264494
insulin_secretion_inhibition,Beta-cell secretion impairment,inhibition,"u:0=none,1=max",ivgtt,0.9199999999999999,0.08000000000000007,ok,0.0,4665.694541125982,9220.035796614615,25375.03579661461,68.40022767479826,7.803221383589088,430.81256150951776,98.87372376702714,50.99999999999999,4.61792514505386,4151.025582353199,1784.0634205959075,141.36510193100065,23.125490709488577,9.939071981035697,60.66096274715469
insulin_secretion_inhibition,Beta-cell secretion impairment,inhibition,"u:0=none,1=max",ivgtt,0.9299999999999999,0.07000000000000006,ok,0.0,5127.36833295341,10078.818612037005,26233.818612037005,69.78815897424307,7.794635555574488,431.1897340506982,101.11150567914603,55.5,2.6750714722682005,3920.914427696148,1776.581711500486,146.14940730939836,21.843534416134528,9.897391150420535,61.95178616213214
insulin_secretion_inhibition,Beta-cell secretion impairment,inhibition,"u:0=none,1=max",ivgtt,0.94,0.06000000000000005,ok,0.0,5617.770480667626,11007.217547541062,27162.217547541062,70.92955951004132,7.787570269515091,431.56729481639115,103.96954029998949,60.0,0.11114330677922624,3646.0210463592052,1775.0463221612376,151.3215462258555,20.312094965789445,9.888837449366227,63.196686894225174
insulin_secretion_inhibition,Beta-cell secretion impairment,inhibition,"u:0=none,1=max",ivgtt,0.95,0.050000000000000044,ok,0.0,6128.819877270305,12021.198419350305,28176.198419350305,71.63863548478199,7.781416573888404,431.94547354095477,104.37359529354767,64.99999999999999,0.0,3315.7118848376413,1782.890642027314,156.9704647317566,18.471932506059286,9.932538395695344,64.63602821078923
glucagon_secretion_inhibition,Glucagon secretion suppression,inhibition,"u:0=none,1=max",ogtt,0.75,0.25,ok,0.0,0.0,4244.422703766875,28828.130820940725,17.39938868680836,0.3050769154924502,131.02319996306872,78.42421452486035,188.0,2.3414600496068374,14168.302755540359,726.7773744709777,96.09376940313575,47.227675851801195,2.4225912482365923,6.616455295726635
glucagon_secretion_inhibition,Glucagon secretion suppression,inhibition,"u:0=none,1=max",ogtt,0.76,0.24,ok,0.0,0.0,4250.149529309576,28821.377602178934,17.413212028884132,0.305550553287993,130.99760856665014,78.38010909730309,188.5,2.2161111125805633,14157.099952939354,699.6304872023306,96.07125867392978,47.19033317646451,2.3321016240077688,6.611313618528408
glucagon_secretion_inhibition,Glucagon secretion suppression,inhibition,"u:0=none,1=max",ogtt,0.77,0.22999999999999998,ok,0.0,0.0,4255.874415448435,28814.35016770102,17.427282386070917,0.30604011669466075,130.97061138966814,78.33438503269865,189.5,2.090041822705558,14145.772259739837,672.4013283002545,96.04783389233674,47.15257419913279,2.2413377610008482,6.608308390971941
glucagon_secretion_inhibition,Glucagon secretion suppression,inhibition,"u:0=none,1=max",ogtt,0.78,0.21999999999999997,ok,0.0,0.0,4261.8546347882,28807.30144855644,17.442304997129224,0.3065503620778806,130.94460343519867,78.28797322377368,190.0,1.962273499747326,14134.238050697011,645.0897617312128,96.0243381618548,47.114126835656705,2.1502992057707093,6.603370250177775
glucagon_secretion_inhibition,Glucagon secretion suppression,inhibition,"u:0=none,1=max",ogtt,0.79,0.20999999999999996,ok,0.0,0.0,4267.929203239184,28800.06721734657,17.4575774047054,0.3070576890043153,130.91801986957094,78.2400584098567,191.0,1.8335722708248596,14122.394610143348,617.6933317290228,96.0002240578219,47.07464870047783,2.058977772430076,6.600472252384203
glucagon_secretion_inhibition,Glucagon secretion suppression,inhibition,"u:0=none,1=max",ogtt,0.8,0.19999999999999996,ok,0.0,0.0,4273.9832414332795,28792.54811141814,17.473005079985114,0.3075737050158783,130.89013962010264,78.19125210936087,191.5,1.7032760862840064,14110.383334338425,590.2075171223959,95.9751603713938,47.03461111446142,1.9673583904079863,6.595404603701617
glucagon_secretion_inhibition,Glucagon secretion suppression,inhibition,"u:0=none,1=max",ogtt,0.8099999999999999,0.19000000000000006,ok,0.0,0.0,4280.397389817486,28784.885764127343,17.488934420693965,0.3080874062147025,130.8635260393716,78.1407825915324,192.5,1.5721046845063995,14098.019330737017,562.6282879785837,95.94961921375781,46.99339776912339,1.875427626595279,6.592448156003068
glucagon_secretion_inhibition,Glucagon secretion suppression,inhibition,"u:0=none,1=max",ogtt,0.82,0.18000000000000005,ok,0.0,0.0,4286.899177790824,28776.916184325135,17.505311077418725,0.30861957850276894,130.83559867345602,78.08932416112833,193.0,1.43933074359731,14085.512715089682,534.9528788313874,95.92305394775045,46.951709050298945,1.7831762627712913,6.5874334850748895
glucagon_secretion_inhibition,Glucagon secretion suppression,inhibition,"u:0=none,1=max",ogtt,0.83,0.17000000000000004,ok,0.0,0.0,4293.741199704083,28768.93250614139,17.522876509931603,0.30917860543547787,130.80734922886597,78.03597933861411,193.5,1.30579608974395,14072.760488691903,507.17238533190556,95.89644168713797,46.90920162897301,1.6905746177730185,6.582746794100147
glucagon_secretion_inhibition,Glucagon secretion suppression,inhibition,"u:0=none,1=max",ogtt,0.84,0.16000000000000003,ok,0.0,0.0,4300.512869879208,28760.557467869316,17.540310785837075,0.3097318645018301,130.77931642507608,77.9814031662488,194.5,1.1707893654330945,14059.680661843451,479.2870449521938,95.86852489289772,46.865602206144835,1.5976234831739793,6.579939643696887
glucagon_secretion_inhibition,Glucagon secretion suppression,inhibition,"u:0=none,1=max",ogtt,0.85,0.15000000000000002,ok,0.0,0.0,4307.568772112844,28752.065274513276,17.5586850817892,0.31029605966643786,130.74996855442234,77.92506476559623,195.0,1.0347830979033432,14046.27437718614,451.2900579882057,95.84021758171092,46.82091459062047,1.504300193294019,6.575227227696418
glucagon_secretion_inhibition,Glucagon secretion suppression,inhibition,"u:0=none,1=max",ogtt,0.86,0.14,ok,0.0,0.0,4314.887092768509,28743.201944336834,17.577345100495954,0.31085922291505824,130.72152954626705,77.86693959652295,196.0,0.8977421577911002,14032.532001388783,423.1780991485115,95.81067314778944,46.775106671295944,1.4105936638283716,6.572561231965541
glucagon_secretion_inhibition,Glucagon secretion suppression,inhibition,"u:0=none,1=max",ogtt,0.87,0.13,ok,0.0,0.0,4322.440100016295,28734.131666495065,17.59706815714746,0.31146092176632534,130.69231795904003,77.80711645801038,196.5,0.7595143054314946,14018.605943072169,394.9400403301096,95.78043888831688,46.72868647690723,1.3164668011003653,6.56811266214168
glucagon_secretion_inhibition,Glucagon secretion suppression,inhibition,"u:0=none,1=max",ogtt,0.88,0.12,ok,0.0,0.0,4330.18835513247,28724.801322432795,17.61746857939476,0.3120620881155946,130.66230248411352,77.74518697231272,197.5,0.6204455058628469,14004.268011672477,366.57360899724586,95.74933774144264,46.68089337224159,1.2219120299908195,6.5658296329933625
glucagon_secretion_inhibition,Glucagon secretion suppression,inhibition,"u:0=none,1=max",ogtt,0.89,0.10999999999999999,ok,0.0,0.0,4338.073310352084,28715.12190621267,17.63849197821467,0.31267487340063005,130.63327873069215,77.59322753015319,198.0,0.5683928254769057,13989.569531443965,338.07231835907544,95.7170730207089,46.63189843814655,1.1269077278635848,6.570366291312339
glucagon_secretion_inhibition,Glucagon secretion suppression,inhibition,"u:0=none,1=max",ogtt,0.8999999999999999,0.10000000000000009,ok,0.0,0.0,4346.324464682251,28705.17188632976,17.660394983718458,0.31328972127683996,130.60244339761357,77.35868305306573,199.0,0.5958440358441237,13974.413246292475,309.4280725535372,95.68390628776586,46.58137748764158,1.0314269085117906,6.585163813162341
glucagon_secretion_inhibition,Glucagon secretion suppression,inhibition,"u:0=none,1=max",ogtt,0.9099999999999999,0.09000000000000008,ok,0.0,0.0,4354.92065599407,28694.874780159327,17.683337613105756,0.3139433308959878,130.57225369418774,77.12005102169333,199.5,0.6242322990270566,13959.039094865739,280.6289591928236,95.64958260053109,46.53013031621913,0.9354298639760785,6.598386120925623
glucagon_secretion_inhibition,Glucagon secretion suppression,inhibition,"u:0=none,1=max",ogtt,0.9199999999999999,0.08000000000000007,ok,0.0,0.0,4363.755328442212,28684.217389339043,17.707097909316865,0.3145983431088548,130.54126163655386,76.8755227203698,200.5,0.6552892680207947,13943.061110439101,251.6709684680117,95.61405796446347,46.476870368130335,0.8389032282267056,6.614167346099905
glucagon_secretion_inhibition,Glucagon secretion suppression,inhibition,"u:0=none,1=max",ogtt,0.9299999999999999,0.07000000000000006,ok,0.0,0.0,4372.877365007561,28673.219960747538,17.732046809892303,0.3152686044198543,130.510519356293,76.62053963530677,201.5,0.6935039046350653,13926.69310246979,222.5417511012911,95.57739986915846,46.42231034156597,0.7418058370043037,6.631021591321674
glucagon_secretion_inhibition,Glucagon secretion suppression,inhibition,"u:0=none,1=max",ogtt,0.94,0.06000000000000005,ok,0.0,0.0,4382.313619700877,28661.773442102058,17.75804598070082,0.3159575218506478,130.47931462977036,76.36096038935017,202.0,0.7329377356149962,13909.863964606178,193.2310919159932,95.53924480700685,46.36621321535393,0.6441036397199773,6.64625057146312
glucagon_secretion_inhibition,Glucagon secretion suppression,inhibition,"u:0=none,1=max",ogtt,0.95,0.050000000000000044,ok,0.0,0.0,4392.226045620639,28649.861673218307,17.78522111925188,0.31666501037436556,130.4468177381625,76.09644725038667,203.0,0.7738492980946319,13892.508433266648,163.72633999240875,95.4995389107277,46.308361444222164,0.5457544666413625,6.664077752213091
insulin_secretion_inhibition,Beta-cell secretion impairment,inhibition,"u:0=none,1=max",ivitt,0.85,0.15000000000000002,ok,146.92747399330523,0.0,3890.398956208798,18315.66532543206,20.731889803980476,0.4413127804919227,122.204609936437,59.92393362099736,179.99999999999997,41.51278735061375,4382.883124908613,2389.178405010076,101.75369625240035,24.349350693936746,13.273213361167091,26.55260825920786
insulin_secretion_inhibition,Beta-cell secretion impairment,inhibition,"u:0=none,1=max",ivitt,0.8574999999999999,0.14250000000000007,ok,141.9939337241119,0.0,3962.0065479298364,18370.101998843194,21.008963114367635,0.44366627423806543,123.14554742925644,60.14860771200049,179.5,41.50529418115051,4349.184467403275,2388.654020520536,102.34040110776152,24.22943992982326,13.307264738275967,26.135036137685564
insulin_secretion_inhibition,Beta-cell secretion impairment,inhibition,"u:0=none,1=max",ivitt,0.865,0.135,ok,137.01138250495728,0.0,4069.5654378010067,18550.264271317235,21.29350712000447,0.4448591306032524,124.13476496461621,60.376757589726964,179.99999999999997,41.49542940946502,4323.468231525763,2400.182173686871,103.05702372954022,24.01926795292091,13.334345409371508,25.713741551768532
insulin_secretion_inhibition,Beta-cell secretion impairment,inhibition,"u:0=none,1=max",ivitt,0.8724999999999999,0.12750000000000006,ok,132.0766155443711,0.0,4165.946865500703,18673.984763795597,21.60110231398821,0.4467323009914293,125.17653835094647,60.60794774606114,179.99999999999997,41.48347694011494,4291.315519199968,2406.896460089272,103.74435979886445,23.840641773333157,13.371647000495956,25.303401259589833
insulin_secretion_inhibition,Beta-cell secretion impairment,inhibition,"u:0=none,1=max",ivitt,0.88,0.12,ok,127.10950794089732,0.0,4267.041581602136,18802.143038807437,21.928209739630127,0.4486761517395846,126.27618944664334,60.842254564727526,180.0,41.469202295032005,4257.384306189224,2414.5043248353168,104.45635021559687,23.652135034384578,13.41391291575176,24.894752503621067
insulin_secretion_inhibition,Beta-cell secretion impairment,inhibition,"u:0=none,1=max",ivitt,0.8875,0.11250000000000004,ok,122.24720089439279,0.0,4373.53820755221,18935.22878205218,22.277358767683342,0.45070033613291627,127.43958750164936,61.077308936301655,180.0,41.454813948171925,4221.4903877926345,2423.0459353590086,105.19571545584546,23.452724376625746,13.461366307550048,24.502400865441462
insulin_secretion_inhibition,Beta-cell secretion impairment,inhibition,"u:0=none,1=max",ivitt,0.895,0.10499999999999998,ok,117.40294356414438,0.0,4466.903614046927,19009.81066828178,22.65365464195931,0.4534291912409409,128.67420339276768,61.315466100383354,179.5,41.43779337309959,4179.2258960684985,2426.7615813173375,105.9042377063052,23.282595521272974,13.519563127116086,24.119097078691002
insulin_secretion_inhibition,Beta-cell secretion impairment,inhibition,"u:0=none,1=max",ivitt,0.9025,0.09750000000000003,ok,112.51973213257364,0.0,4603.520422784609,19217.340387422995,23.049519702879742,0.4550051326508049,129.98828881848414,61.55567653491475,180.0,41.41902340181656,4143.216095667911,2443.194670740051,106.76300215234997,23.01786719815506,13.573303726333618,23.73619123840067
insulin_secretion_inhibition,Beta-cell secretion impairment,inhibition,"u:0=none,1=max",ivitt,0.91,0.08999999999999997,ok,107.74505951745252,0.0,4727.772054822337,19367.22813528421,23.47809031108335,0.4572991205795201,131.39269750986503,61.7980992061074,179.99999999999997,41.39818152513025,4100.412381166295,2454.9425743632833,107.59571186269008,22.780068784257196,13.638569857573797,23.372880617492438
insulin_secretion_inhibition,Beta-cell secretion impairment,inhibition,"u:0=none,1=max",ivitt,0.9175,0.08250000000000002,ok,103.02041156876112,0.0,4858.912170926729,19523.720039201777,23.939624467736337,0.45970803584221875,132.90044699285482,62.04147883309413,180.0,41.37635414439619,4054.939680584207,2467.889868330524,108.46511132889876,22.52744266991226,13.710499268502913,23.023169970892077
insulin_secretion_inhibition,Beta-cell secretion impairment,inhibition,"u:0=none,1=max",ivitt,0.925,0.07499999999999996,ok,98.2635770392898,0.0,4997.55961886976,19687.24621815704,24.436962109480582,0.4622332778410366,134.5276514037924,62.28718693950489,180.0,41.35200478537105,4006.479111089754,2482.1181042873322,109.37359010087245,22.258217283831968,13.789545023818512,22.679399524825413
insulin_secretion_inhibition,Beta-cell secretion impairment,inhibition,"u:0=none,1=max",ivitt,0.9325,0.0675,ok,93.60798698010137,0.0,5144.44419753128,19858.641618407324,24.975476459554105,0.46489983106076865,136.2957221253923,62.53351499545501,180.0,41.32667994695291,3954.7181184923325,2497.708256652527,110.32578676892958,21.97065621384629,13.876156981402927,22.356509706911783
insulin_secretion_inhibition,Beta-cell secretion impairment,inhibition,"u:0=none,1=max",ivitt,0.94,0.06000000000000005,ok,89.02162098008964,0.0,5300.187073840247,20038.587801773152,25.560039953544848,0.4677249107151248,138.23270549385347,62.78258918078343,180.0,41.29809438033719,3899.3995630987374,2514.7438333817,111.32548778762862,21.663330906104097,13.970799074342777,22.052356462304516
insulin_secretion_inhibition,Beta-cell secretion impairment,inhibition,"u:0=none,1=max",ivitt,0.9475,0.05249999999999999,ok,84.45596193002851,6.390308644315013,5465.853815447253,20228.21966727779,26.19791012276406,0.470740380111449,140.37693980677597,63.03279397404436,180.0,41.26770480033972,3840.0918044661403,2533.3171521774275,112.37899815154327,21.333843358145224,14.073984178763485,21.780150557494803
insulin_secretion_inhibition,Beta-cell secretion impairment,inhibition,"u:0=none,1=max",ivitt,0.955,0.04500000000000004,ok,79.93135939991616,85.17804315054232,5642.3943046586355,20428.51006707071,26.896300584776025,0.4739829826685802,142.78245072133248,63.28424559706836,180.0,41.23524601430621,3776.3046801849987,2553.5241935192503,113.49172259483728,20.979470445472217,14.18624551955139,21.708867684989638
insulin_secretion_inhibition,Beta-cell secretion impairment,inhibition,"u:0=none,1=max",ivitt,0.9625,0.03749999999999998,ok,75.50263603154217,194.05993359038183,5831.581209568472,20640.924935687333,27.66532210306733,0.47750804732405927,145.53033289655525,63.5378363498545,179.99999999999997,41.19967977150564,3707.5130719037506,2575.4677353912994,114.67180519826299,20.59729484390973,14.308154085507221,21.740876133977878
insulin_secretion_inhibition,Beta-cell secretion impairment,inhibition,"u:0=none,1=max",ivitt,0.97,0.030000000000000027,ok,71.15614421192728,327.2705059073751,6034.961608451485,20867.241170900514,28.51775918645419,0.48138426802703926,148.7405061568251,63.79529308868109,180.0,41.15913921940255,3632.942148002494,2599.2870915626336,115.92911761611397,20.18301193334719,14.44048384201463,21.86368021898017
insulin_secretion_inhibition,Beta-cell secretion impairment,inhibition,"u:0=none,1=max",ivitt,0.9775,0.022499999999999964,ok,66.80325618624437,483.950377711508,6254.294392481676,21109.35180234388,29.467984473664295,0.4857406081745433,152.4362448288155,64.04821734488404,180.0,41.12189122890213,3551.561008636424,2625.069246891192,117.27417667968822,19.73089449242458,14.5837180382844,22.071202405089533
insulin_secretion_inhibition,Beta-cell secretion impairment,inhibition,"u:0=none,1=max",ivitt,0.985,0.015000000000000013,ok,62.60147528106913,665.014315746748,6492.013715457991,21369.64236766132,30.534550136892467,0.49072637078884845,156.68166245438886,64.3055816148224,180.0,41.07883615875734,3462.11326265788,2652.946506773691,118.72023537589622,19.233962570321555,14.738591704298283,22.38580280825786
insulin_secretion_inhibition,Beta-cell secretion impairment,inhibition,"u:0=none,1=max",ivitt,0.9924999999999999,0.007500000000000062,ok,58.445661577713494,869.7199611729641,6747.834416174212,21647.718686502627,31.724513363889177,0.4965299485627572,161.5700419035143,64.56511101810877,179.99999999999997,41.03212787657975,3362.921360050222,2682.9800270109668,120.26510381390351,18.682896444723458,14.905444594505374,22.797841479656505
insulin_secretion_inhibition,Beta-cell secretion impairment,inhibition,"u:0=none,1=max",ivitt,1.0,0.0,ok,54.543049362158875,1001.527940765479,6917.9148709751735,21838.674649763234,32.44753149457825,0.5007226742328507,164.91235130287808,64.80767903494285,180.0,40.992296012798164,3252.0984957894784,2715.394721203167,121.32597027646241,18.067213865497102,15.085526228906485,22.930442420124415
insulin_secretion,Beta-cell insulin secretion capacity,potentiation,"u:0=none,1=max",civii,0.4,1.8,ok,0.0,0.0,3838.960273980938,25816.03972601906,6.33786808664059,0.06113519054679144,86.74793476536034,70.64544631867986,329.49999999999994,10.335159903087302,6381.686950427877,4211.190389672727,78.34913422160565,19.367790441359265,12.78054746486412,4.251011274983348
insulin_secretion,Beta-cell insulin secretion capacity,potentiation,"u:0=none,1=max",civii,0.41000000000000003,1.82,ok,0.0,0.0,3869.7537325692992,25785.2462674307,6.3205435228043765,0.060852760030368776,86.64049139438593,70.58571589051056,329.5,10.263951757265914,6385.572781617944,4219.978664186097,78.25567911208103,19.379583555744897,12.807219011186943,4.238443227888521
insulin_secretion,Beta-cell insulin secretion capacity,potentiation,"u:0=none,1=max",civii,0.42000000000000004,1.84,ok,0.0,0.0,3900.1446253437853,25754.855374656214,6.303564562672677,0.060581137519825905,86.53455819672185,70.52637029982685,329.5,10.195060510906515,6389.436786766813,4228.713409303929,78.16344575009474,19.391310430248296,12.833728101074142,4.226236424351194
insulin_secretion,Beta-cell insulin secretion capacity,potentiation,"u:0=none,1=max",civii,0.43,1.8599999999999999,ok,0.0,0.0,3930.1674507683892,25724.832549231607,6.286971832334222,0.06032199202939642,86.43008480129328,70.46757659310843,329.49999999999994,10.128260342436462,6393.274293285411,4237.402491162413,78.07232943621126,19.402956884022494,12.860098607473182,4.214385110692133
insulin_secretion,Beta-cell insulin secretion capacity,potentiation,"u:0=none,1=max",civii,0.44,1.88,ok,0.0,0.0,3959.850643986263,25695.14935601374,6.2706392970682865,0.060074552517735975,86.32706336253025,70.40921065627197,329.5,10.063611431070896,6397.0824339605015,4246.056733918644,77.98224387257584,19.41451421535812,12.886363380633213,4.202860713468971
insulin_secretion,Beta-cell insulin secretion capacity,potentiation,"u:0=none,1=max",civii,0.45,1.9,ok,0.0,0.0,3989.1618477894685,25665.83815221053,6.254687829576283,0.05983768772832304,86.22544925446176,70.35136596037958,329.5,10.000966742842053,6400.869054386307,4254.66215994206,77.893287260123,19.42600623485981,12.912479999824157,4.191674228806969
insulin_secretion,Beta-cell insulin secretion capacity,potentiation,"u:0=none,1=max",civii,0.46,1.92,ok,0.0,0.0,4018.1421982166885,25636.85780178331,6.238970120607358,0.05961088046708132,86.12521141587514,70.29388793358554,329.5,9.940422804682555,6404.638490223322,4263.228800097583,77.8053347550328,19.437446100829504,12.938478907731664,4.180796428668931
insulin_secretion,Beta-cell insulin secretion capacity,potentiation,"u:0=none,1=max",civii,0.47000000000000003,1.94,ok,0.0,0.0,4046.785975396033,25608.214024603967,6.223589522995843,0.059395026664370694,86.02634401928282,70.23671368190598,329.5,9.881978875674506,6408.37469621862,4271.75814174125,77.71840371655225,19.448785117507192,12.9643646183346,4.170256629794158
insulin_secretion,Beta-cell insulin secretion capacity,potentiation,"u:0=none,1=max",civii,0.48,1.96,ok,0.0,0.0,4075.1004698111688,25579.899530188828,6.208540671660847,0.05919012963240569,85.92878562224176,70.17997811551919,329.49999999999994,9.825451533258573,6412.102839157783,4280.24519359801,77.6324720187825,19.460099663604808,12.990121983605494,4.160035208911405
insulin_secretion,Beta-cell insulin secretion capacity,potentiation,"u:0=none,1=max",civii,0.49,1.98,ok,0.0,0.0,4103.124253110511,25551.875746889484,6.193679713952984,0.05899451857011574,85.83251576334533,70.1235814172175,329.49999999999994,9.770879134550981,6415.809218503354,4288.698918726444,77.54742260057508,19.471348159342504,13.01577820554308,4.150093333939965
insulin_secretion,Beta-cell insulin secretion capacity,potentiation,"u:0=none,1=max",civii,0.5,2.0,ok,0.0,0.0,4130.831739075738,25524.168260924263,6.179188812133983,0.05881052958217204,85.73752279683626,70.0675119145246,329.5,9.71821899187826,6419.487420525451,4297.118280144512,77.46333311357895,19.482511139682703,13.04133013700914,4.140481607577823
insulin_secretion,Beta-cell insulin secretion capacity,potentiation,"u:0=none,1=max",civii,0.51,2.02,ok,0.0,0.0,4158.259136126815,25496.740863873187,6.1649008041306566,0.05863572005935551,85.64373270672483,70.01165744505724,329.5,9.667530090240959,6423.157037439307,4305.504217094631,77.38009366881089,19.493648065066182,13.066780628511777,4.131154407180457
insulin_secretion,Beta-cell insulin secretion capacity,potentiation,"u:0=none,1=max",civii,0.52,2.04,ok,0.38106003871726557,0.0,4185.385072449331,25469.61492755066,6.151003420307457,0.058472317078809066,85.55117292851236,69.956108003244,329.49999999999994,9.618674020459295,6426.801900081047,4313.851214661674,77.29776912761962,19.504709863675412,13.09211294282754,4.16025970058636
insulin_secretion,Beta-cell insulin secretion capacity,potentiation,"u:0=none,1=max",civii,0.53,2.06,ok,1.331734308793429,0.0,4212.209197708497,25442.7908022915,6.137419081482503,0.05831777798533437,85.45976930423693,69.90085463554908,329.49999999999994,9.571594687687792,6430.434118592451,4322.160282717029,77.21636055323674,19.515733288596213,13.11733014481648,4.246617757052415
insulin_secretion,Beta-cell insulin secretion capacity,potentiation,"u:0=none,1=max",civii,0.54,2.08,ok,2.6134608940918014,0.0,4238.79475268315,25416.205247316844,6.124009341759452,0.05817328225268083,85.36953861513653,69.84577301145703,329.49999999999994,9.526377019237643,6434.044553048504,4330.449380586881,77.13567601613612,19.526690601057677,13.142486739262159,4.3663509778100185
insulin_secretion,Beta-cell insulin secretion capacity,potentiation,"u:0=none,1=max",civii,0.55,2.1,ok,4.153313244768299,0.0,4265.099768516485,25389.90023148351,6.110959859229384,0.058038665163301244,85.28043735625747,69.79090399413215,329.49999999999994,9.482920366738725,6437.640133549761,4338.7018606670035,77.05584288765861,19.53760283323145,13.167532202327783,4.5122024014521305
insulin_secretion,Beta-cell insulin secretion capacity,potentiation,"u:0=none,1=max",civii,0.56,2.12,ok,5.922138557757789,0.0,4291.167163153621,25363.832836846374,6.0981013851796115,0.057913720448288165,85.19242764052159,69.73624787782273,329.49999999999994,9.44118034910413,6441.223465404457,4346.931785445135,76.97673091607399,19.54847789197104,13.192509212276587,4.6812091868953525
insulin_secretion,Beta-cell insulin secretion capacity,potentiation,"u:0=none,1=max",civii,0.5700000000000001,2.14,ok,7.904282379086958,0.0,4316.969360029886,25338.030639970115,6.085573716506644,0.05779740089517792,85.1055244876984,69.681755115423,329.5,9.401154255679444,6444.787876736404,4355.128892128474,76.89842379353601,19.5592955287903,13.217386622544685,4.871836357865571
insulin_secretion,Beta-cell insulin secretion capacity,potentiation,"u:0=none,1=max",civii,0.58,2.16,ok,10.086739019551652,0.0,4342.520409710953,25312.479590289047,6.073354316654907,0.05769085756394522,85.01971014540489,69.62733224935825,329.5,9.362888976654858,6448.3434665197365,4363.2949393111085,76.82087887796372,19.570086393079624,13.24216977029168,5.082787025932739
insulin_secretion,Beta-cell insulin secretion capacity,potentiation,"u:0=none,1=max",civii,0.59,2.1799999999999997,ok,12.462827748733147,0.0,4367.857272840882,25287.142727159116,6.061314561193511,0.05759272462194445,84.93492724970218,69.57307504857351,329.5,9.326239237282891,6451.878115134634,4371.445000892599,76.743983997448,19.580813702988266,13.26690440331593,5.313340956951957
insulin_secretion,Beta-cell insulin secretion capacity,potentiation,"u:0=none,1=max",civii,0.6,2.2,ok,15.026881567898448,0.0,4392.926095904713,25262.073904095283,6.049662356406747,0.057502984852626414,84.8511636666537,69.51900952505743,329.49999999999994,9.291134768627401,6455.404518065212,4379.558408701003,76.66790259209496,19.59151598805831,13.291527795754185,5.562976343473375
