key,provisional_citation,doi,topic,type,claim_supported,section,essential_or_optional,overlap,novelty_wording_effect,planned_first_citation
cannon,"Cannon WB. Organization for physiological homeostasis. Physiol Rev 1929;9:399–431.",10.1152/physrev.1929.9.3.399,endocrine homeostasis/feedback framing,primary-review,"homeostasis as organised whole-system control problem; frames efficacy vs utility distinction",Introduction,essential,none,strengthens gap framing,Intro paragraph 1
kitano,"Kitano H. Biological robustness. Nat Rev Genet 2004;5:826–837.",10.1038/nrg1471,control theory/robustness,review,"stronger local action can recruit counter-regulation; robustness framing",Introduction,optional,partial with donovan,neutral,Intro paragraph 1
garzilli,"Garzilli I, Itzkovitz S. Sci Rep 2018;8:11334.",10.1038/s41598-018-29491-4,alpha/beta paradoxical feedback,primary-model,"reciprocal islet design damps overshoot",Introduction+Discussion,essential,none,neutral,Intro paragraph 1 / Discussion
kawamori,"Kawamori D et al. Cell Metab 2009;9:350–361.",10.1016/j.cmet.2009.02.007,alpha-cell insulin receptor / beta-to-alpha control,primary,"insulin suppresses glucagon secretion in vivo (alphaIRKO hyperglucagonemia)",Introduction+Discussion,essential,none,neutral,Intro paragraph 1 / Discussion
capozzi,"Capozzi ME et al. JCI Insight 2019;4:e126742.",10.1172/jci.insight.126742,alpha-to-beta control,primary,"proglucagon peptides/glucagon stimulate beta-cell tone via cAMP",Introduction+Discussion,essential,none,neutral,Intro paragraph 1 / Discussion
bergman79,"Bergman RN et al. Am J Physiol 1979;236:E667–E677.",10.1152/ajpendo.1979.236.6.e667,modelling lineage/minimal model,primary-method,"few-state minimal model quantifies insulin sensitivity from IVGTT",Introduction,essential,none,neutral,Intro paragraph 2
bergman21,"Bergman RN. Front Endocrinol 2021;11:583016.",10.3389/fendo.2020.583016,minimal-model history/lineage,review,"lineage and influence of the minimal model",Introduction,optional,partial bergman79,neutral,Intro paragraph 2
sorensen,"Sorensen JT. PhD thesis, MIT, 1985.",-,whole-body glucose model lineage,primary-method,"origin of Sorensen-type whole-body model lineage",Introduction+Methods,essential,none,neutral,Intro paragraph 2
panunzi,"Panunzi S et al. PLoS ONE 2020;15:e0237215.",10.1371/journal.pone.0237215,revised Sorensen model,primary-method,"validated 26-state revised Sorensen model used here",Introduction+Methods,essential,none,neutral,Intro paragraph 2 / Methods
dallaman,"Dalla Man C et al. J Diabetes Sci Technol 2014;8:26–34.",10.1177/1932296813514502,glucagon-aware simulator,primary-method,"simulators explicitly include glucagon secretion/action in hypoglycaemic range",Introduction,optional,none,supports whole-system framing,Intro paragraph 2
calabrese,"Calabrese EJ, Baldwin LA. Trends Pharmacol Sci 2001;22:285–291.",10.1016/S0165-6147(00)01692-3,hormesis U-shaped dose response,review,"classic pharmacological non-monotonicity (contrast class)",Introduction+Discussion,essential,partial vandenberg,key distinction preserved,Intro paragraph 3 / Discussion
vandenberg,"Vandenberg LN et al. Endocr Rev 2012;33:378–455.",10.1210/er.2011-1050,nonmonotonic endocrine dose response,review,"NMDR common for natural hormones/endocrine agents (contrast class)",Introduction+Discussion,essential,partial calabrese,key distinction preserved,Intro paragraph 3 / Discussion
braess,"Braess D. Unternehmensforschung 1968;12:258–268.",-,Braess paradox,primary,"adding capacity can degrade network performance",Introduction+Discussion,essential,none,novelty framing anchor,Intro paragraph 4 / Discussion
donovan,"Donovan GM. Phys Rev E 2018;98:062406.",10.1103/PhysRevE.98.062406,biological Braess analogue,primary,"perturbed homeostasis can behave paradoxically",Introduction+Discussion,essential,none,novelty framing anchor,Intro paragraph 4 / Discussion
wang,"Wang G. J R Soc Interface 2012;9:2723–2734.",10.1098/rsif.2011.0644,bistable homeostatic control,primary,"optimality of control depends on operating point / bistable regimes",Discussion,essential,none,supports context-dependence,Discussion
schwartz,"Schwartz NS et al. J Clin Invest 1987;79:777–781.",10.1172/JCI112884,counter-regulation thresholds,primary,"counter-regulatory hormones activate ~68–69 mg/dL above symptom threshold",Discussion,essential,none,physiological plausibility anchor,Discussion
thomaseth,"Thomaseth K et al. Am J Physiol Regul Integr Comp Physiol 2014;307:R321–R331.",10.1152/ajpregu.00314.2013,FSIGT counter-regulation benchmark,primary,"IM-IVGTT induces transient subject-dependent hypoglycaemia in insulin-sensitive subjects; CRR affects kinetics",Discussion,essential,none,IVGTT limitation now cited,Discussion limitations
pandiyan,"Pandiyan B, Merrill SJ, Benvenga S. Math Med Biol 2014;31:226–258.",10.1093/imammb/dqt005,quantitative HPT feedback model,primary-model,"patient-specific HPT-axis negative-feedback model exists",Discussion,optional,none,HPT limitation now cited,Discussion limitations
